filename,width,height,class,xmin,ymin,xmax,ymax
Img_1.jpg,612,408,smartphone,282,83,446,303
Img_10.jpg,612,380,smartphone,368,62,564,329
Img_100.jpg,612,408,smartphone,299,5,575,379
Img_1001.jpg,612,445,smartphone,500,247,560,349
Img_1002.jpg,612,343,smartphone,259,61,360,205
Img_1003.jpg,612,408,smartphone,197,13,399,205
Img_1004.jpg,612,408,smartphone,115,232,136,251
Img_1004.jpg,612,408,smartphone,176,307,194,333
Img_1004.jpg,612,408,smartphone,238,282,262,305
Img_1005.jpg,612,408,smartphone,285,204,307,240
Img_1006.jpg,612,408,smartphone,327,262,357,308
Img_1006.jpg,612,408,smartphone,459,272,494,302
Img_1007.jpg,612,381,smartphone,286,114,383,179
Img_101.jpg,612,408,smartphone,418,335,460,356
Img_1010.jpg,612,332,smartphone,342,228,387,260
Img_1010.jpg,612,332,smartphone,204,225,232,251
Img_1011.jpg,612,408,smartphone,60,54,171,196
Img_1012.jpg,612,408,smartphone,107,109,239,293
Img_1013.jpg,612,408,smartphone,104,66,305,351
Img_1014.jpg,612,408,smartphone,226,117,283,212
Img_1015.jpg,612,408,smartphone,25,314,110,361
Img_1016.jpg,612,408,smartphone,375,35,557,373
Img_1017.jpg,612,408,smartphone,201,55,428,253
Img_1018.jpg,612,408,smartphone,197,196,268,252
Img_1019.jpg,612,409,smartphone,198,275,251,379
Img_103.jpg,612,204,smartphone,367,86,397,135
Img_104.jpg,612,408,smartphone,244,228,314,372
Img_105.jpg,612,408,smartphone,123,81,199,223
Img_1054.jpg,612,408,smartphone,228,66,378,380
Img_1054.jpg,612,408,smartphone,390,158,462,304
Img_1055.jpg,612,408,smartphone,228,66,379,379
Img_1056.jpg,612,373,smartphone,375,187,409,258
Img_1057.jpg,612,408,smartphone,1,147,47,264
Img_1058.jpg,612,408,smartphone,551,219,604,244
Img_1058.jpg,612,408,smartphone,329,246,376,272
Img_1058.jpg,612,408,smartphone,86,229,122,259
Img_1059.jpg,612,408,smartphone,394,156,452,261
Img_106.jpg,612,408,smartphone,247,148,519,374
Img_1060.jpg,612,409,smartphone,74,181,105,245
Img_1061.jpg,612,408,smartphone,425,248,612,353
Img_1062.jpg,612,408,smartphone,46,43,431,374
Img_1065.jpg,612,445,smartphone,501,245,559,349
Img_1067.jpg,612,268,smartphone,67,228,132,243
Img_1068.jpg,612,408,smartphone,80,84,293,198
Img_1069.jpg,612,459,smartphone,1,371,100,408
Img_107.jpg,612,408,smartphone,305,49,536,334
Img_1070.jpg,612,408,smartphone,272,133,368,332
Img_1071.jpg,612,273,smartphone,206,167,247,221
Img_1072.jpg,612,408,smartphone,109,5,452,405
Img_1073.jpg,612,408,smartphone,205,313,251,400
Img_1074.jpg,612,408,smartphone,141,77,285,330
Img_1075.jpg,612,408,smartphone,138,210,369,258
Img_1077.jpg,612,408,smartphone,148,24,507,166
Img_1078.jpg,612,408,smartphone,175,231,235,337
Img_1080.jpg,612,408,smartphone,289,132,468,352
Img_1081.jpg,612,414,smartphone,214,214,365,389
Img_1082.jpg,612,408,smartphone,143,91,326,248
Img_1083.jpg,612,408,smartphone,170,184,189,204
Img_1085.jpg,612,407,smartphone,60,103,187,259
Img_1086.jpg,612,499,smartphone,351,314,431,478
Img_1087.jpg,612,408,smartphone,94,240,142,329
Img_1089.jpg,612,408,smartphone,424,115,454,166
Img_109.jpg,612,459,smartphone,67,411,148,434
Img_1090.jpg,612,408,smartphone,289,125,372,183
Img_1092.jpg,612,408,smartphone,209,104,333,255
Img_1095.jpg,612,408,smartphone,454,68,505,169
Img_1096.jpg,612,408,smartphone,137,95,164,144
Img_1096.jpg,612,408,smartphone,260,110,288,151
Img_1096.jpg,612,408,smartphone,304,90,336,131
Img_1096.jpg,612,408,smartphone,383,208,409,255
Img_1096.jpg,612,408,smartphone,494,147,536,171
Img_1097.jpg,612,408,smartphone,99,238,146,330
Img_11.jpg,612,408,smartphone,206,116,330,318
Img_110.jpg,612,408,smartphone,35,174,184,380
Img_1101.jpg,612,416,smartphone,478,55,600,279
Img_1102.jpg,612,408,smartphone,20,167,149,296
Img_1104.jpg,612,408,smartphone,348,118,501,241
Img_1104.jpg,612,408,smartphone,183,101,344,261
Img_1105.jpg,612,408,smartphone,427,14,530,81
Img_1106.jpg,612,408,smartphone,157,64,329,280
Img_1107.jpg,612,408,smartphone,190,248,570,364
Img_1108.jpg,612,408,smartphone,354,365,446,402
Img_1109.jpg,612,408,smartphone,114,84,206,279
Img_111.jpg,612,408,smartphone,481,208,564,352
Img_1110.jpg,612,391,smartphone,324,163,369,223
Img_1111.jpg,612,251,smartphone,408,39,491,112
Img_1113.jpg,612,408,smartphone,364,214,388,246
Img_1113.jpg,612,408,smartphone,293,216,327,244
Img_1113.jpg,612,408,smartphone,231,220,265,253
Img_1113.jpg,612,408,smartphone,236,193,271,209
Img_1113.jpg,612,408,smartphone,257,155,298,188
Img_1113.jpg,612,408,smartphone,308,156,334,190
Img_1113.jpg,612,408,smartphone,363,160,391,187
Img_1113.jpg,612,408,smartphone,349,192,391,213
Img_1114.jpg,612,385,smartphone,356,173,378,192
Img_1115.jpg,612,408,smartphone,323,292,376,327
Img_1117.jpg,612,408,smartphone,75,93,533,297
Img_1118.jpg,612,408,smartphone,494,18,567,89
Img_1119.jpg,612,408,smartphone,228,94,252,119
Img_112.jpg,612,408,smartphone,251,121,338,294
Img_1120.jpg,612,408,smartphone,175,82,359,315
Img_1122.jpg,612,408,smartphone,249,198,397,221
Img_1123.jpg,612,408,smartphone,536,251,583,340
Img_1124.jpg,612,407,smartphone,301,242,315,266
Img_1124.jpg,612,407,smartphone,293,121,311,141
Img_1124.jpg,612,407,smartphone,128,26,136,42
Img_1124.jpg,612,407,smartphone,141,27,159,45
Img_1125.jpg,612,408,smartphone,285,148,512,215
Img_1126.jpg,612,408,smartphone,99,238,146,330
Img_1127.jpg,612,408,smartphone,333,216,380,271
Img_1128.jpg,612,408,smartphone,245,268,297,332
Img_1129.jpg,612,408,smartphone,278,181,309,240
Img_113.jpg,612,408,smartphone,233,320,495,407
Img_1130.jpg,612,408,smartphone,79,191,156,312
Img_1131.jpg,612,408,smartphone,348,271,396,326
Img_1132.jpg,612,459,smartphone,128,48,487,421
Img_1133.jpg,612,408,smartphone,524,255,574,348
Img_1134.jpg,612,408,smartphone,239,225,284,315
Img_1135.jpg,612,421,smartphone,72,222,181,361
Img_1136.jpg,612,407,smartphone,198,216,343,384
Img_1137.jpg,612,398,smartphone,139,200,252,351
Img_1138.jpg,612,408,smartphone,80,23,397,408
Img_1139.jpg,612,344,smartphone,115,113,198,145
Img_1139.jpg,612,344,smartphone,386,151,449,171
Img_1140.jpg,612,408,smartphone,134,104,257,192
Img_1141.jpg,612,408,smartphone,129,45,460,321
Img_115.jpg,612,408,smartphone,90,47,238,350
Img_1159.jpg,612,408,smartphone,394,156,451,260
Img_116.jpg,612,408,smartphone,233,369,304,399
Img_1160.jpg,612,409,smartphone,74,181,106,244
Img_1161.jpg,612,408,smartphone,447,131,527,220
Img_1163.jpg,612,408,smartphone,100,91,175,255
Img_1164.jpg,612,408,smartphone,193,86,301,235
Img_1166.jpg,612,408,smartphone,232,198,320,342
Img_1167.jpg,612,407,smartphone,463,216,529,298
Img_1168.jpg,612,408,smartphone,287,236,357,267
Img_1168.jpg,612,408,smartphone,501,214,578,246
Img_1168.jpg,612,408,smartphone,201,118,250,139
Img_1168.jpg,612,408,smartphone,365,86,406,98
Img_1169.jpg,612,408,smartphone,283,195,351,298
Img_117.jpg,612,408,smartphone,235,27,464,299
Img_1170.jpg,612,408,smartphone,49,270,282,398
Img_1171.jpg,612,350,smartphone,138,135,203,162
Img_1172.jpg,612,408,smartphone,1,63,142,209
Img_1173.jpg,612,408,smartphone,317,44,459,338
Img_1175.jpg,612,408,smartphone,386,182,416,234
Img_1177.jpg,612,406,smartphone,238,285,281,325
Img_1178.jpg,612,425,smartphone,258,53,329,193
Img_1179.jpg,612,408,smartphone,306,221,399,288
Img_118.jpg,612,408,smartphone,89,354,323,385
Img_1180.jpg,612,449,smartphone,54,225,181,419
Img_1181.jpg,612,408,smartphone,171,347,354,407
Img_1182.jpg,612,408,smartphone,143,216,407,266
Img_1183.jpg,612,407,smartphone,97,204,187,327
Img_1184.jpg,612,408,smartphone,313,241,393,259
Img_1185.jpg,612,408,smartphone,389,152,449,216
Img_1186.jpg,612,408,smartphone,293,61,411,314
Img_1187.jpg,612,408,smartphone,307,100,459,332
Img_1188.jpg,612,408,smartphone,342,75,383,150
Img_1189.jpg,612,408,smartphone,70,59,274,265
Img_1190.jpg,612,408,smartphone,236,155,321,228
Img_1191.jpg,612,408,smartphone,158,81,248,184
Img_1193.jpg,612,407,smartphone,330,114,418,279
Img_1194.jpg,612,408,smartphone,1,154,199,357
Img_1195.jpg,513,612,smartphone,112,126,283,481
Img_1196.jpg,612,408,smartphone,239,1,478,58
Img_1197.jpg,612,408,smartphone,249,88,345,279
Img_1198.jpg,612,408,smartphone,156,357,235,399
Img_12.jpg,612,408,smartphone,238,85,353,326
Img_120.jpg,612,408,smartphone,405,278,555,363
Img_1200.jpg,408,612,smartphone,164,383,382,464
Img_1201.jpg,612,408,smartphone,80,37,269,362
Img_1203.jpg,612,408,smartphone,344,222,451,393
Img_1204.jpg,612,408,smartphone,234,59,344,262
Img_1205.jpg,612,344,smartphone,225,236,263,249
Img_1206.jpg,612,408,smartphone,443,79,578,185
Img_1207.jpg,612,401,smartphone,264,198,394,241
Img_1208.jpg,612,408,smartphone,270,121,350,268
Img_1209.jpg,612,306,smartphone,356,23,552,297
Img_1211.jpg,612,408,smartphone,212,165,233,195
Img_1213.jpg,612,612,smartphone,363,220,480,470
Img_1214.jpg,612,407,smartphone,205,263,531,338
Img_1215.jpg,612,408,smartphone,238,341,370,408
Img_1216.jpg,612,408,smartphone,201,262,303,285
Img_1217.jpg,612,304,smartphone,492,50,612,117
Img_122.jpg,612,408,smartphone,249,202,399,226
Img_1220.jpg,612,408,smartphone,423,193,516,298
Img_1222.jpg,612,408,smartphone,250,198,398,226
Img_1223.jpg,612,408,smartphone,535,250,584,341
Img_1224.jpg,612,407,smartphone,300,243,315,267
Img_1224.jpg,612,407,smartphone,293,119,311,139
Img_1224.jpg,612,407,smartphone,145,30,157,44
Img_1224.jpg,612,407,smartphone,127,27,137,41
Img_1225.jpg,612,408,smartphone,284,147,505,214
Img_1226.jpg,612,408,smartphone,100,239,147,334
Img_1228.jpg,612,408,smartphone,244,269,297,332
Img_1229.jpg,612,408,smartphone,280,180,303,236
Img_123.jpg,612,408,smartphone,536,251,581,339
Img_1230.jpg,612,408,smartphone,78,192,154,312
Img_1231.jpg,612,408,smartphone,348,269,395,327
Img_1232.jpg,612,459,smartphone,123,46,485,418
Img_1233.jpg,612,408,smartphone,525,256,574,350
Img_1234.jpg,612,408,smartphone,239,227,284,316
Img_1235.jpg,612,421,smartphone,72,221,179,360
Img_1236.jpg,612,407,smartphone,199,215,343,382
Img_1237.jpg,612,398,smartphone,139,201,251,350
Img_1238.jpg,612,408,smartphone,79,24,397,408
Img_124.jpg,612,407,smartphone,301,243,314,266
Img_124.jpg,612,407,smartphone,294,120,311,139
Img_124.jpg,612,407,smartphone,128,26,136,41
Img_124.jpg,612,407,smartphone,141,30,158,41
Img_1241.jpg,612,408,smartphone,128,48,459,323
Img_125.jpg,612,408,smartphone,283,147,508,213
Img_1259.jpg,612,408,smartphone,396,154,449,263
Img_126.jpg,612,408,smartphone,100,240,144,330
Img_1260.jpg,612,409,smartphone,73,182,105,244
Img_1261.jpg,612,408,smartphone,157,348,250,378
Img_1265.jpg,612,408,smartphone,211,223,283,277
Img_1266.jpg,612,408,smartphone,174,63,350,312
Img_1267.jpg,612,408,smartphone,253,208,328,288
Img_1268.jpg,612,408,smartphone,284,235,355,378
Img_1269.jpg,612,408,smartphone,274,231,336,292
Img_1270.jpg,612,408,smartphone,363,259,415,283
Img_1273.jpg,612,407,smartphone,35,42,527,382
Img_1277.jpg,612,408,smartphone,208,143,554,325
Img_1278.jpg,612,408,smartphone,392,223,428,257
Img_1279.jpg,612,408,smartphone,258,26,420,137
Img_128.jpg,612,408,smartphone,245,269,297,334
Img_1280.jpg,612,413,smartphone,333,50,432,223
Img_1281.jpg,612,408,smartphone,153,252,235,379
Img_1282.jpg,612,408,smartphone,398,109,577,357
Img_1283.jpg,612,408,smartphone,211,88,394,331
Img_1284.jpg,612,360,smartphone,226,23,259,78
Img_1285.jpg,612,339,smartphone,364,61,436,147
Img_1286.jpg,612,368,smartphone,298,106,333,152
Img_1287.jpg,612,408,smartphone,186,166,282,342
Img_1288.jpg,612,407,smartphone,260,226,420,280
Img_1289.jpg,612,408,smartphone,1,129,312,269
Img_1290.jpg,612,224,smartphone,91,125,121,187
Img_1292.jpg,612,408,smartphone,248,116,339,262
Img_1293.jpg,612,430,smartphone,187,354,339,397
Img_1294.jpg,612,408,smartphone,387,191,403,231
Img_1297.jpg,612,408,smartphone,165,175,366,249
Img_1298.jpg,612,408,smartphone,160,232,216,303
Img_1299.jpg,612,408,smartphone,221,23,611,209
Img_13.jpg,612,409,smartphone,133,336,236,393
Img_130.jpg,612,408,smartphone,78,192,154,312
Img_1300.jpg,612,407,smartphone,190,81,212,118
Img_1300.jpg,612,407,smartphone,291,99,310,128
Img_1300.jpg,612,407,smartphone,325,84,350,116
Img_1300.jpg,612,407,smartphone,476,136,513,154
Img_1300.jpg,612,407,smartphone,380,210,420,232
Img_1301.jpg,612,409,smartphone,301,107,364,234
Img_1302.jpg,612,407,smartphone,90,273,343,387
Img_1303.jpg,612,408,smartphone,374,250,420,293
Img_1304.jpg,612,398,smartphone,306,197,416,371
Img_1306.jpg,612,408,smartphone,264,190,332,278
Img_1307.jpg,612,408,smartphone,25,14,144,176
Img_1308.jpg,612,408,smartphone,149,107,284,248
Img_1309.jpg,612,408,smartphone,211,328,292,336
Img_1310.jpg,612,407,smartphone,136,91,249,254
Img_1311.jpg,612,408,smartphone,135,201,219,317
Img_1312.jpg,612,395,smartphone,367,261,383,285
Img_1312.jpg,612,395,smartphone,111,129,125,149
Img_1312.jpg,612,395,smartphone,228,121,244,143
Img_1312.jpg,612,395,smartphone,511,81,531,102
Img_1312.jpg,612,395,smartphone,529,190,554,208
Img_1312.jpg,612,395,smartphone,75,166,92,222
Img_1313.jpg,612,408,smartphone,233,66,383,378
Img_1314.jpg,612,408,smartphone,245,317,297,335
Img_1315.jpg,612,408,smartphone,24,221,76,302
Img_1317.jpg,612,408,smartphone,273,134,366,274
Img_1318.jpg,612,408,smartphone,105,257,375,330
Img_1319.jpg,400,612,smartphone,152,294,256,509
Img_132.jpg,612,459,smartphone,128,47,487,411
Img_1320.jpg,612,408,smartphone,205,263,271,346
Img_1322.jpg,612,408,smartphone,249,198,397,222
Img_1323.jpg,612,408,smartphone,538,251,582,341
Img_1324.jpg,612,407,smartphone,302,242,314,265
Img_1324.jpg,612,407,smartphone,293,119,311,137
Img_1324.jpg,612,407,smartphone,142,28,159,41
Img_1324.jpg,612,407,smartphone,126,27,137,40
Img_1325.jpg,612,408,smartphone,285,150,509,215
Img_1326.jpg,612,408,smartphone,101,239,145,331
Img_133.jpg,612,408,smartphone,524,255,574,347
Img_134.jpg,612,408,smartphone,239,225,284,315
Img_135.jpg,612,421,smartphone,73,220,180,360
Img_1352.jpg,612,408,smartphone,170,202,493,375
Img_1353.jpg,612,408,smartphone,394,41,449,149
Img_1354.jpg,612,408,smartphone,228,66,378,378
Img_1354.jpg,612,408,smartphone,393,156,463,302
Img_1355.jpg,612,408,smartphone,228,66,378,378
Img_1356.jpg,612,373,smartphone,376,187,410,257
Img_1357.jpg,612,408,smartphone,1,147,48,264
Img_1358.jpg,612,408,smartphone,551,217,604,245
Img_1358.jpg,612,408,smartphone,328,248,367,272
Img_1358.jpg,612,408,smartphone,79,234,114,260
Img_1359.jpg,612,408,smartphone,396,158,451,260
Img_136.jpg,612,407,smartphone,199,216,343,383
Img_1360.jpg,612,409,smartphone,74,181,105,245
Img_1362.jpg,612,408,smartphone,422,310,518,374
Img_1364.jpg,612,408,smartphone,249,150,352,358
Img_1365.jpg,612,408,smartphone,425,297,503,362
Img_1366.jpg,612,408,smartphone,235,201,371,269
Img_1367.jpg,612,381,smartphone,351,215,408,336
Img_1368.jpg,612,408,smartphone,394,315,448,389
Img_1369.jpg,612,408,smartphone,25,219,134,376
Img_137.jpg,612,398,smartphone,140,203,251,352
Img_1370.jpg,612,408,smartphone,340,308,455,326
Img_1371.jpg,612,408,smartphone,326,202,444,366
Img_1372.jpg,612,408,smartphone,107,151,268,237
Img_1373.jpg,612,416,smartphone,355,147,471,290
Img_1374.jpg,612,408,smartphone,192,65,500,245
Img_1375.jpg,612,291,smartphone,358,44,380,53
Img_1375.jpg,612,291,smartphone,233,56,254,72
Img_1376.jpg,612,441,smartphone,434,176,577,398
Img_1378.jpg,612,408,smartphone,234,152,349,389
Img_1379.jpg,612,408,smartphone,142,267,319,329
Img_138.jpg,612,408,smartphone,79,22,396,408
Img_1380.jpg,612,408,smartphone,202,351,248,385
Img_1381.jpg,612,407,smartphone,262,201,390,325
Img_1383.jpg,612,407,smartphone,285,294,324,319
Img_1384.jpg,612,408,smartphone,243,146,289,210
Img_1385.jpg,612,408,smartphone,18,241,92,279
Img_1385.jpg,612,408,smartphone,230,292,303,321
Img_1386.jpg,612,408,smartphone,380,25,566,382
Img_1387.jpg,612,408,smartphone,330,143,354,175
Img_1388.jpg,612,420,smartphone,226,130,427,388
Img_1389.jpg,612,408,smartphone,400,283,444,324
Img_1390.jpg,612,408,smartphone,437,261,466,272
Img_1391.jpg,612,408,smartphone,370,69,460,209
Img_1393.jpg,612,408,smartphone,39,167,125,339
Img_1394.jpg,612,390,smartphone,260,178,278,203
Img_1395.jpg,612,344,smartphone,536,222,592,323
Img_1396.jpg,612,408,smartphone,434,219,541,366
Img_1397.jpg,612,408,smartphone,541,145,612,300
Img_1398.jpg,612,408,smartphone,191,38,345,258
Img_14.jpg,612,408,smartphone,268,167,478,257
Img_1400.jpg,612,408,smartphone,78,211,180,368
Img_1401.jpg,612,408,smartphone,159,305,204,355
Img_1402.jpg,612,408,smartphone,164,105,273,264
Img_1403.jpg,612,408,smartphone,281,139,340,249
Img_1404.jpg,612,378,smartphone,392,168,492,255
Img_1405.jpg,612,455,smartphone,231,124,470,259
Img_1407.jpg,407,612,smartphone,1,228,86,353
Img_1407.jpg,407,612,smartphone,55,158,178,289
Img_1407.jpg,407,612,smartphone,176,141,290,300
Img_1407.jpg,407,612,smartphone,273,224,407,363
Img_1408.jpg,612,408,smartphone,335,197,365,237
Img_1409.jpg,612,408,smartphone,218,176,273,229
Img_141.jpg,612,408,smartphone,127,47,461,317
Img_1410.jpg,612,485,smartphone,203,349,305,483
Img_1411.jpg,612,408,smartphone,173,293,313,341
Img_1412.jpg,612,408,smartphone,229,56,386,377
Img_1413.jpg,408,612,smartphone,91,113,318,481
Img_1414.jpg,612,408,smartphone,411,28,521,244
Img_1415.jpg,612,408,smartphone,401,162,511,355
Img_1415.jpg,612,408,smartphone,159,105,255,290
Img_1416.jpg,612,408,smartphone,234,178,462,356
Img_1418.jpg,612,424,smartphone,31,180,125,290
Img_1419.jpg,612,410,smartphone,241,81,375,360
Img_1422.jpg,612,408,smartphone,249,198,400,220
Img_1423.jpg,612,408,smartphone,535,251,580,341
Img_1424.jpg,612,407,smartphone,293,120,313,139
Img_1424.jpg,612,407,smartphone,301,241,314,265
Img_1424.jpg,612,407,smartphone,144,27,159,43
Img_1424.jpg,612,407,smartphone,127,25,138,41
Img_1425.jpg,612,408,smartphone,283,150,511,216
Img_1426.jpg,612,408,smartphone,101,240,147,331
Img_1427.jpg,612,408,smartphone,334,216,379,284
Img_1428.jpg,612,408,smartphone,245,269,297,332
Img_1429.jpg,612,408,smartphone,277,182,306,233
Img_1430.jpg,612,408,smartphone,78,192,154,312
Img_1431.jpg,612,408,smartphone,346,269,397,326
Img_1432.jpg,612,459,smartphone,127,47,485,410
Img_1433.jpg,612,408,smartphone,526,255,573,348
Img_1434.jpg,612,408,smartphone,238,223,284,315
Img_1435.jpg,612,421,smartphone,73,223,178,361
Img_1436.jpg,612,407,smartphone,199,216,344,383
Img_145.jpg,612,408,smartphone,94,183,557,345
Img_1459.jpg,612,408,smartphone,396,155,451,262
Img_146.jpg,612,408,smartphone,235,218,468,383
Img_1460.jpg,612,409,smartphone,75,182,106,245
Img_1461.jpg,612,344,smartphone,107,32,543,262
Img_1462.jpg,612,408,smartphone,266,37,360,164
Img_1463.jpg,612,344,smartphone,205,108,318,271
Img_1464.jpg,612,408,smartphone,312,313,420,344
Img_1465.jpg,612,408,smartphone,354,291,439,408
Img_1466.jpg,612,402,smartphone,76,32,549,371
Img_1467.jpg,612,408,smartphone,225,144,388,399
Img_1468.jpg,612,408,smartphone,325,297,416,408
Img_1469.jpg,612,407,smartphone,1,375,96,407
Img_147.jpg,612,408,smartphone,212,149,306,321
Img_1470.jpg,612,412,smartphone,353,203,430,247
Img_1472.jpg,612,408,smartphone,260,154,330,236
Img_1473.jpg,612,411,smartphone,454,303,484,369
Img_1474.jpg,612,343,smartphone,237,207,401,253
Img_1475.jpg,612,408,smartphone,262,259,341,367
Img_1477.jpg,612,408,smartphone,259,226,444,290
Img_1478.jpg,612,408,smartphone,387,22,488,160
Img_1479.jpg,612,408,smartphone,224,171,327,228
Img_148.jpg,612,407,smartphone,253,163,449,366
Img_1480.jpg,612,408,smartphone,54,87,168,297
Img_1480.jpg,612,408,smartphone,244,92,359,310
Img_1480.jpg,612,408,smartphone,427,77,546,283
Img_1481.jpg,612,612,smartphone,318,240,495,437
Img_1482.jpg,612,408,smartphone,148,164,185,227
Img_1483.jpg,612,257,smartphone,378,193,392,217
Img_1483.jpg,612,257,smartphone,99,49,115,74
Img_1483.jpg,612,257,smartphone,225,40,243,67
Img_1483.jpg,612,257,smartphone,59,91,80,151
Img_1483.jpg,612,257,smartphone,552,116,574,137
Img_1484.jpg,612,408,smartphone,230,64,420,287
Img_1486.jpg,612,408,smartphone,84,305,218,408
Img_1487.jpg,408,612,smartphone,1,379,183,472
Img_1488.jpg,612,241,smartphone,521,65,610,206
Img_149.jpg,612,408,smartphone,316,114,454,296
Img_1490.jpg,612,408,smartphone,476,140,497,183
Img_1490.jpg,612,408,smartphone,221,168,234,181
Img_1490.jpg,612,408,smartphone,328,151,351,175
Img_1491.jpg,612,408,smartphone,286,271,335,315
Img_1495.jpg,612,408,smartphone,76,48,158,178
Img_1496.jpg,612,430,smartphone,365,173,397,238
Img_1497.jpg,612,408,smartphone,284,199,342,288
Img_1498.jpg,612,408,smartphone,287,147,323,174
Img_1498.jpg,612,408,smartphone,202,267,256,300
Img_1498.jpg,612,408,smartphone,307,223,340,248
Img_1499.jpg,612,408,smartphone,378,188,416,238
Img_15.jpg,612,408,smartphone,126,287,223,313
Img_1500.jpg,612,408,smartphone,517,220,584,325
Img_1501.jpg,612,361,smartphone,30,229,80,311
Img_1502.jpg,612,408,smartphone,210,318,260,344
Img_1503.jpg,612,408,smartphone,180,284,233,360
Img_1504.jpg,612,408,smartphone,382,254,527,360
Img_1505.jpg,612,257,smartphone,550,117,578,136
Img_1505.jpg,612,257,smartphone,97,47,115,74
Img_1505.jpg,612,257,smartphone,223,39,240,65
Img_1505.jpg,612,257,smartphone,59,91,80,155
Img_1505.jpg,612,257,smartphone,377,193,392,216
Img_1505.jpg,612,257,smartphone,533,2,556,21
Img_1507.jpg,612,408,smartphone,300,93,454,321
Img_1509.jpg,612,408,smartphone,378,115,581,349
Img_1510.jpg,612,406,smartphone,1,105,121,323
Img_1511.jpg,612,408,smartphone,162,174,447,325
Img_1514.jpg,437,612,smartphone,128,269,168,286
Img_1514.jpg,437,612,smartphone,149,439,194,481
Img_1514.jpg,437,612,smartphone,39,369,68,405
Img_1514.jpg,437,612,smartphone,279,311,316,337
Img_1515.jpg,612,408,smartphone,156,126,347,321
Img_1517.jpg,612,404,smartphone,368,271,439,287
Img_1518.jpg,408,612,smartphone,209,437,237,454
Img_1519.jpg,612,408,smartphone,420,279,497,391
Img_152.jpg,612,408,smartphone,172,202,495,376
Img_1520.jpg,408,612,smartphone,256,160,301,190
Img_1522.jpg,612,408,smartphone,249,199,396,226
Img_1523.jpg,612,408,smartphone,535,253,582,339
Img_1524.jpg,612,407,smartphone,301,243,316,266
Img_1524.jpg,612,407,smartphone,292,120,311,140
Img_1524.jpg,612,407,smartphone,142,30,161,43
Img_1524.jpg,612,407,smartphone,127,26,136,39
Img_1525.jpg,612,408,smartphone,285,150,506,216
Img_1526.jpg,612,408,smartphone,101,238,146,332
Img_1528.jpg,612,408,smartphone,244,269,298,332
Img_153.jpg,612,408,smartphone,393,41,448,150
Img_1530.jpg,612,408,smartphone,78,192,154,311
Img_1531.jpg,612,408,smartphone,343,270,396,326
Img_1532.jpg,612,459,smartphone,129,50,486,415
Img_1533.jpg,612,408,smartphone,524,254,574,350
Img_1534.jpg,612,408,smartphone,239,223,283,317
Img_1535.jpg,612,421,smartphone,71,222,182,360
Img_1536.jpg,612,407,smartphone,198,216,343,383
Img_1537.jpg,612,398,smartphone,140,199,251,350
Img_1539.jpg,612,344,smartphone,119,115,202,144
Img_1539.jpg,612,344,smartphone,380,152,451,170
Img_154.jpg,612,408,smartphone,228,67,378,379
Img_154.jpg,612,408,smartphone,394,159,463,306
Img_1540.jpg,612,408,smartphone,134,102,259,195
Img_1541.jpg,612,408,smartphone,128,48,463,317
Img_155.jpg,612,408,smartphone,228,67,375,378
Img_1559.jpg,612,408,smartphone,397,156,449,260
Img_156.jpg,612,373,smartphone,376,186,411,258
Img_1560.jpg,612,409,smartphone,75,182,106,244
Img_1561.jpg,612,408,smartphone,253,243,306,334
Img_1562.jpg,612,408,smartphone,38,152,117,294
Img_1563.jpg,612,204,smartphone,366,86,397,135
Img_1564.jpg,612,408,smartphone,320,1,404,93
Img_1565.jpg,612,413,smartphone,231,355,382,404
Img_1566.jpg,612,401,smartphone,49,169,124,323
Img_1567.jpg,612,408,smartphone,219,94,249,166
Img_1568.jpg,612,552,smartphone,112,141,453,307
Img_1569.jpg,612,382,smartphone,276,196,301,221
Img_1570.jpg,612,408,smartphone,197,137,296,335
Img_1571.jpg,612,408,smartphone,110,159,187,298
Img_1572.jpg,612,407,smartphone,82,10,229,202
Img_1573.jpg,612,408,smartphone,1,149,125,294
Img_1574.jpg,612,408,smartphone,1,310,209,356
Img_1575.jpg,612,408,smartphone,313,69,434,163
Img_1576.jpg,612,408,smartphone,337,123,412,281
Img_1577.jpg,612,408,smartphone,195,316,459,383
Img_1578.jpg,612,408,smartphone,271,78,404,333
Img_158.jpg,612,408,smartphone,329,250,365,274
Img_158.jpg,612,408,smartphone,550,217,605,245
Img_158.jpg,612,408,smartphone,82,239,112,259
Img_1582.jpg,612,396,smartphone,85,187,169,292
Img_1582.jpg,612,396,smartphone,277,201,334,306
Img_1582.jpg,612,396,smartphone,453,149,541,277
Img_1584.jpg,612,408,smartphone,194,58,426,164
Img_1585.jpg,612,408,smartphone,401,74,535,144
Img_1586.jpg,612,459,smartphone,301,297,570,431
Img_1587.jpg,408,612,smartphone,198,252,310,381
Img_1588.jpg,612,421,smartphone,86,199,132,257
Img_159.jpg,612,408,smartphone,393,157,451,265
Img_1591.jpg,612,402,smartphone,208,133,461,311
Img_1592.jpg,612,408,smartphone,235,1,330,88
Img_1594.jpg,612,323,smartphone,435,203,469,220
Img_1594.jpg,612,323,smartphone,175,216,212,251
Img_1595.jpg,612,328,smartphone,435,104,478,136
Img_1595.jpg,612,328,smartphone,469,187,514,230
Img_1595.jpg,612,328,smartphone,208,114,247,154
Img_1595.jpg,612,328,smartphone,169,130,202,172
Img_1595.jpg,612,328,smartphone,105,281,149,328
Img_1596.jpg,421,612,smartphone,214,19,310,104
Img_1597.jpg,612,408,smartphone,117,140,425,365
Img_1598.jpg,612,408,smartphone,465,136,522,163
Img_1599.jpg,612,408,smartphone,354,372,426,394
Img_16.jpg,612,408,smartphone,203,118,308,289
Img_160.jpg,612,409,smartphone,74,181,106,242
Img_1600.jpg,612,408,smartphone,282,24,420,111
Img_1601.jpg,612,414,smartphone,217,181,268,222
Img_1602.jpg,612,408,smartphone,448,147,500,169
Img_1603.jpg,612,408,smartphone,482,336,578,361
Img_1603.jpg,612,408,smartphone,511,233,575,266
Img_1603.jpg,612,408,smartphone,382,355,515,408
Img_1604.jpg,612,408,smartphone,206,91,340,174
Img_1605.jpg,612,408,smartphone,106,158,232,251
Img_1606.jpg,612,408,smartphone,530,193,592,225
Img_1607.jpg,612,408,smartphone,29,5,130,91
Img_1608.jpg,612,408,smartphone,381,104,460,259
Img_1609.jpg,612,304,smartphone,228,22,309,150
Img_161.jpg,612,408,smartphone,238,226,494,289
Img_1610.jpg,612,408,smartphone,346,378,445,408
Img_1610.jpg,612,408,smartphone,356,337,401,361
Img_1610.jpg,612,408,smartphone,287,307,357,319
Img_1611.jpg,612,408,smartphone,466,217,558,380
Img_1612.jpg,612,441,smartphone,1,137,184,402
Img_1612.jpg,612,441,smartphone,421,129,544,371
Img_1613.jpg,612,408,smartphone,294,359,363,376
Img_1614.jpg,612,408,smartphone,309,112,364,186
Img_1616.jpg,612,408,smartphone,283,121,540,354
Img_1619.jpg,612,408,smartphone,282,306,332,327
Img_162.jpg,612,408,smartphone,246,106,364,344
Img_1620.jpg,612,408,smartphone,77,146,288,359
Img_1622.jpg,612,408,smartphone,249,196,394,224
Img_1623.jpg,612,408,smartphone,537,252,582,341
Img_1624.jpg,612,407,smartphone,294,121,310,139
Img_1624.jpg,612,407,smartphone,301,243,314,265
Img_1624.jpg,612,407,smartphone,142,30,158,42
Img_1624.jpg,612,407,smartphone,127,28,136,41
Img_1625.jpg,612,408,smartphone,284,141,514,214
Img_1626.jpg,612,408,smartphone,100,238,145,332
Img_163.jpg,612,408,smartphone,130,75,242,231
Img_164.jpg,612,344,smartphone,511,265,559,344
Img_165.jpg,612,408,smartphone,278,70,454,297
Img_1659.jpg,612,408,smartphone,397,158,450,262
Img_1660.jpg,612,409,smartphone,74,181,104,244
Img_1661.jpg,612,460,smartphone,124,186,350,362
Img_1662.jpg,612,408,smartphone,266,210,349,301
Img_1662.jpg,612,408,smartphone,435,255,517,347
Img_1663.jpg,612,408,smartphone,355,251,375,272
Img_1664.jpg,612,323,smartphone,322,170,473,203
Img_1665.jpg,612,407,smartphone,511,244,533,261
Img_1665.jpg,612,407,smartphone,378,262,397,297
Img_1666.jpg,612,408,smartphone,191,234,199,255
Img_1666.jpg,612,408,smartphone,364,207,376,238
Img_1667.jpg,612,468,smartphone,232,99,387,351
Img_1668.jpg,612,612,smartphone,42,324,297,612
Img_1669.jpg,612,408,smartphone,311,1,394,107
Img_167.jpg,612,408,smartphone,219,148,332,336
Img_1670.jpg,612,413,smartphone,173,339,287,413
Img_1672.jpg,612,408,smartphone,3,31,187,229
Img_1673.jpg,612,413,smartphone,227,193,264,229
Img_1674.jpg,612,408,smartphone,376,118,386,169
Img_1675.jpg,612,408,smartphone,84,177,171,338
Img_1675.jpg,612,408,smartphone,266,86,369,263
Img_1675.jpg,612,408,smartphone,456,165,553,340
Img_1676.jpg,612,408,smartphone,228,210,252,238
Img_1677.jpg,612,408,smartphone,107,250,392,325
Img_1678.jpg,612,408,smartphone,239,340,388,370
Img_1679.jpg,612,408,smartphone,343,186,445,346
Img_1681.jpg,612,252,smartphone,270,156,280,172
Img_1681.jpg,612,252,smartphone,254,162,268,171
Img_1681.jpg,612,252,smartphone,91,78,106,100
Img_1683.jpg,612,406,smartphone,384,69,507,191
Img_1683.jpg,612,406,smartphone,497,272,612,399
Img_1685.jpg,612,408,smartphone,262,217,328,342
Img_1687.jpg,612,408,smartphone,21,243,119,367
Img_1688.jpg,612,408,smartphone,324,68,347,127
Img_1689.jpg,612,458,smartphone,275,408,402,441
Img_1690.jpg,612,409,smartphone,335,285,389,329
Img_1692.jpg,612,409,smartphone,220,148,312,290
Img_1693.jpg,612,344,smartphone,122,136,168,180
Img_1695.jpg,612,408,smartphone,318,247,405,303
Img_1696.jpg,612,408,smartphone,97,48,264,343
Img_1697.jpg,612,382,smartphone,70,288,162,382
Img_1698.jpg,612,408,smartphone,249,58,364,287
Img_1699.jpg,612,408,smartphone,270,198,305,223
Img_1699.jpg,612,408,smartphone,377,221,430,248
Img_170.jpg,612,408,smartphone,262,151,344,320
Img_1700.jpg,612,411,smartphone,98,201,230,358
Img_1701.jpg,612,408,smartphone,80,139,399,331
Img_1702.jpg,612,409,smartphone,290,285,329,303
Img_1706.jpg,612,405,smartphone,163,95,494,310
Img_1707.jpg,408,612,smartphone,289,38,319,93
Img_1708.jpg,612,408,smartphone,39,41,149,228
Img_1709.jpg,612,408,smartphone,89,229,189,387
Img_171.jpg,612,408,smartphone,133,245,202,266
Img_1713.jpg,612,408,smartphone,248,39,364,236
Img_1715.jpg,612,408,smartphone,253,235,318,283
Img_1716.jpg,612,408,smartphone,161,198,216,287
Img_1717.jpg,612,344,smartphone,227,184,260,211
Img_1717.jpg,612,344,smartphone,311,166,336,210
Img_172.jpg,612,408,smartphone,95,243,144,332
Img_1720.jpg,612,408,smartphone,107,101,281,304
Img_1722.jpg,612,408,smartphone,249,198,397,224
Img_1723.jpg,612,408,smartphone,537,251,585,340
Img_1724.jpg,612,407,smartphone,301,243,315,263
Img_1724.jpg,612,407,smartphone,142,29,162,42
Img_1724.jpg,612,407,smartphone,130,27,138,43
Img_1724.jpg,612,407,smartphone,295,120,312,136
Img_1725.jpg,612,408,smartphone,285,140,511,215
Img_1726.jpg,612,408,smartphone,101,238,148,329
Img_1727.jpg,612,408,smartphone,333,216,379,270
Img_1728.jpg,612,408,smartphone,245,268,297,333
Img_1729.jpg,612,408,smartphone,278,183,307,233
Img_173.jpg,612,407,smartphone,297,222,347,239
Img_173.jpg,612,407,smartphone,496,235,594,252
Img_1730.jpg,612,408,smartphone,78,191,154,310
Img_1731.jpg,612,408,smartphone,345,269,396,326
Img_1732.jpg,612,459,smartphone,127,48,486,418
Img_1733.jpg,612,408,smartphone,523,256,572,348
Img_1734.jpg,612,408,smartphone,238,225,285,315
Img_1735.jpg,612,421,smartphone,72,223,178,361
Img_1736.jpg,612,407,smartphone,199,216,344,382
Img_1737.jpg,612,398,smartphone,139,200,253,351
Img_1738.jpg,612,408,smartphone,81,21,397,408
Img_1739.jpg,612,344,smartphone,116,114,201,145
Img_1739.jpg,612,344,smartphone,386,152,452,170
Img_1740.jpg,612,408,smartphone,134,99,259,195
Img_1741.jpg,612,408,smartphone,130,49,460,317
Img_175.jpg,612,408,smartphone,353,37,573,366
Img_1759.jpg,612,408,smartphone,395,156,451,263
Img_176.jpg,612,408,smartphone,56,181,214,365
Img_1760.jpg,612,409,smartphone,75,183,106,243
Img_1762.jpg,408,612,smartphone,23,143,240,477
Img_1763.jpg,612,407,smartphone,63,20,196,121
Img_1764.jpg,612,408,smartphone,129,366,163,382
Img_1768.jpg,612,408,smartphone,335,188,442,363
Img_1769.jpg,612,451,smartphone,1,68,172,279
Img_1771.jpg,612,408,smartphone,73,40,398,277
Img_1772.jpg,612,460,smartphone,251,49,450,402
Img_1773.jpg,612,408,smartphone,76,197,278,264
Img_1774.jpg,612,408,smartphone,329,312,430,398
Img_1776.jpg,612,404,smartphone,372,100,413,156
Img_1777.jpg,612,408,smartphone,380,183,474,314
Img_1778.jpg,612,408,smartphone,395,213,497,349
Img_1779.jpg,612,408,smartphone,73,302,140,331
Img_1780.jpg,612,401,smartphone,199,124,221,183
Img_1781.jpg,612,460,smartphone,346,164,449,344
Img_1782.jpg,612,408,smartphone,454,18,544,162
Img_1784.jpg,612,408,smartphone,405,193,445,251
Img_1785.jpg,408,612,smartphone,110,1,254,109
Img_1787.jpg,612,408,smartphone,216,320,330,359
Img_1788.jpg,612,408,smartphone,312,317,369,335
Img_1789.jpg,612,408,smartphone,428,143,498,202
Img_1790.jpg,612,408,smartphone,160,121,465,272
Img_1792.jpg,612,408,smartphone,270,163,367,244
Img_1793.jpg,612,408,smartphone,272,99,482,332
Img_1794.jpg,612,612,smartphone,270,78,472,472
Img_1796.jpg,612,420,smartphone,185,239,280,394
Img_1798.jpg,612,410,smartphone,254,129,397,349
Img_1799.jpg,612,421,smartphone,478,264,508,281
Img_18.jpg,612,408,smartphone,374,343,505,408
Img_180.jpg,612,408,smartphone,1,188,133,342
Img_1802.jpg,612,449,smartphone,200,313,387,449
Img_1803.jpg,612,408,smartphone,203,235,220,259
Img_1803.jpg,612,408,smartphone,328,253,346,272
Img_1803.jpg,612,408,smartphone,416,270,435,296
Img_1803.jpg,612,408,smartphone,159,241,178,259
Img_1803.jpg,612,408,smartphone,124,260,140,277
Img_1804.jpg,612,408,smartphone,192,273,217,325
Img_1805.jpg,612,408,smartphone,47,266,286,399
Img_1806.jpg,612,408,smartphone,423,107,516,196
Img_1808.jpg,612,429,smartphone,39,274,418,363
Img_1809.jpg,612,383,smartphone,262,33,386,168
Img_1811.jpg,612,408,smartphone,183,320,220,338
Img_1811.jpg,612,408,smartphone,183,348,218,373
Img_1811.jpg,612,408,smartphone,276,287,320,295
Img_1812.jpg,612,408,smartphone,241,306,271,352
Img_1813.jpg,612,413,smartphone,441,290,537,333
Img_1814.jpg,612,403,smartphone,51,127,220,385
Img_1815.jpg,612,426,smartphone,416,60,457,122
Img_1817.jpg,612,407,smartphone,414,15,612,171
Img_182.jpg,612,408,smartphone,102,127,181,289
Img_1820.jpg,612,408,smartphone,525,258,569,346
Img_1822.jpg,612,408,smartphone,249,198,394,222
Img_1823.jpg,612,408,smartphone,536,250,580,340
Img_1824.jpg,612,407,smartphone,301,242,313,264
Img_1824.jpg,612,407,smartphone,295,117,310,139
Img_1824.jpg,612,407,smartphone,143,28,157,39
Img_1824.jpg,612,407,smartphone,128,27,135,40
Img_1825.jpg,612,408,smartphone,283,150,505,216
Img_1826.jpg,612,408,smartphone,99,238,147,331
Img_1827.jpg,612,408,smartphone,332,216,379,264
Img_1828.jpg,612,408,smartphone,244,269,297,332
Img_1829.jpg,612,408,smartphone,278,182,306,229
Img_183.jpg,612,408,smartphone,25,210,163,384
Img_1830.jpg,612,408,smartphone,78,191,154,312
Img_1831.jpg,612,408,smartphone,348,268,394,326
Img_1832.jpg,612,459,smartphone,128,47,485,415
Img_1834.jpg,612,408,smartphone,239,224,282,316
Img_1835.jpg,612,421,smartphone,72,222,180,360
Img_1836.jpg,612,407,smartphone,198,216,344,382
Img_1837.jpg,612,398,smartphone,140,202,252,350
Img_1838.jpg,612,408,smartphone,82,24,396,402
Img_1839.jpg,612,344,smartphone,122,117,200,143
Img_1839.jpg,612,344,smartphone,387,152,455,171
Img_184.jpg,612,408,smartphone,394,223,513,374
Img_1840.jpg,612,408,smartphone,135,103,258,194
Img_1841.jpg,612,408,smartphone,129,48,459,317
Img_185.jpg,612,408,smartphone,341,145,430,282
Img_186.jpg,612,408,smartphone,62,194,169,279
Img_1860.jpg,612,409,smartphone,75,182,107,246
Img_1862.jpg,612,432,smartphone,377,174,501,261
Img_1863.jpg,612,408,smartphone,152,116,463,264
Img_1866.jpg,612,408,smartphone,249,112,281,154
Img_1867.jpg,612,301,smartphone,276,117,325,168
Img_1868.jpg,612,408,smartphone,392,109,415,158
Img_1869.jpg,612,408,smartphone,249,64,344,189
Img_187.jpg,612,406,smartphone,370,177,587,390
Img_1870.jpg,612,408,smartphone,411,1,456,41
Img_1871.jpg,612,408,smartphone,195,121,232,166
Img_1871.jpg,612,408,smartphone,469,121,507,166
Img_1873.jpg,612,344,smartphone,573,27,595,71
Img_1874.jpg,612,408,smartphone,192,61,271,196
Img_1875.jpg,612,408,smartphone,76,66,165,252
Img_1876.jpg,612,459,smartphone,346,203,386,241
Img_1878.jpg,612,408,smartphone,274,35,408,144
Img_1879.jpg,612,408,smartphone,113,102,183,238
Img_1879.jpg,612,408,smartphone,236,120,292,227
Img_1879.jpg,612,408,smartphone,356,125,409,221
Img_1879.jpg,612,408,smartphone,459,114,504,216
Img_188.jpg,612,408,smartphone,426,194,577,379
Img_1880.jpg,612,408,smartphone,244,153,354,207
Img_1882.jpg,612,408,smartphone,125,215,226,376
Img_1883.jpg,612,408,smartphone,476,298,576,347
Img_1885.jpg,612,408,smartphone,442,183,591,384
Img_1887.jpg,612,408,smartphone,125,323,159,326
Img_1888.jpg,612,408,smartphone,216,275,285,406
Img_189.jpg,612,410,smartphone,152,32,351,338
Img_1890.jpg,612,408,smartphone,437,255,509,354
Img_1894.jpg,612,408,smartphone,241,60,347,272
Img_1896.jpg,612,408,smartphone,126,215,230,376
Img_1899.jpg,612,408,smartphone,344,200,452,373
Img_19.jpg,612,253,smartphone,346,97,433,188
Img_190.jpg,612,480,smartphone,517,238,595,356
Img_1900.jpg,612,408,smartphone,123,186,440,386
Img_1901.jpg,612,408,smartphone,275,28,477,278
Img_1902.jpg,612,408,smartphone,429,152,597,323
Img_1903.jpg,612,408,smartphone,222,233,386,317
Img_1908.jpg,612,408,smartphone,177,129,358,219
Img_1909.jpg,612,408,smartphone,51,202,199,407
Img_191.jpg,612,280,smartphone,398,98,498,185
Img_1910.jpg,612,408,smartphone,382,288,411,320
Img_1911.jpg,408,612,smartphone,61,284,338,533
Img_1912.jpg,612,417,smartphone,145,272,508,401
Img_1914.jpg,612,408,smartphone,201,68,421,307
Img_1917.jpg,612,409,smartphone,538,157,612,329
Img_1918.jpg,612,344,smartphone,463,255,499,326
Img_192.jpg,612,406,smartphone,507,254,582,354
Img_1922.jpg,612,408,smartphone,237,122,327,303
Img_1923.jpg,612,408,smartphone,281,226,330,283
Img_1924.jpg,612,408,smartphone,329,293,346,306
Img_1925.jpg,612,612,smartphone,101,94,218,197
Img_1926.jpg,612,408,smartphone,235,72,345,260
Img_1928.jpg,408,612,smartphone,165,204,390,559
Img_1929.jpg,612,408,smartphone,306,294,347,321
Img_193.jpg,612,408,smartphone,329,181,429,344
Img_1930.jpg,612,408,smartphone,265,146,355,236
Img_1932.jpg,612,408,smartphone,276,144,306,207
Img_1933.jpg,612,378,smartphone,479,127,523,194
Img_1934.jpg,612,408,smartphone,258,155,550,380
Img_1935.jpg,612,366,smartphone,122,244,183,319
Img_1936.jpg,612,408,smartphone,239,54,354,296
Img_1937.jpg,612,408,smartphone,170,31,253,153
Img_1938.jpg,612,408,smartphone,256,178,320,294
Img_1939.jpg,612,408,smartphone,491,101,598,262
Img_194.jpg,612,408,smartphone,254,131,331,288
Img_1940.jpg,409,612,smartphone,112,130,293,495
Img_1941.jpg,612,408,smartphone,406,115,472,182
Img_1941.jpg,612,408,smartphone,258,69,333,149
Img_1942.jpg,612,408,smartphone,399,280,496,305
Img_1943.jpg,612,396,smartphone,290,86,428,271
Img_1945.jpg,612,408,smartphone,296,131,322,171
Img_1946.jpg,612,408,smartphone,246,150,338,332
Img_1948.jpg,612,408,smartphone,297,56,401,221
Img_1948.jpg,612,408,smartphone,226,211,368,372
Img_1949.jpg,612,408,smartphone,440,183,484,255
Img_195.jpg,612,408,smartphone,315,63,483,354
Img_1950.jpg,612,403,smartphone,372,286,393,328
Img_1950.jpg,612,403,smartphone,324,300,346,330
Img_1950.jpg,612,403,smartphone,154,51,174,94
Img_1950.jpg,612,403,smartphone,589,52,612,97
Img_1951.jpg,612,408,smartphone,217,83,282,197
Img_1952.jpg,612,408,smartphone,357,56,497,344
Img_1954.jpg,612,408,smartphone,306,189,353,252
Img_1955.jpg,612,408,smartphone,453,32,551,135
Img_1956.jpg,612,408,smartphone,228,67,379,376
Img_1957.jpg,612,408,smartphone,532,2,612,129
Img_1958.jpg,612,408,smartphone,237,17,397,228
Img_1959.jpg,612,408,smartphone,136,78,305,214
Img_196.jpg,612,413,smartphone,41,27,193,243
Img_1960.jpg,612,408,smartphone,525,257,576,347
Img_1962.jpg,612,408,smartphone,116,101,274,319
Img_1963.jpg,612,408,smartphone,320,338,467,387
Img_1963.jpg,612,408,smartphone,517,87,606,124
Img_1964.jpg,612,408,smartphone,92,54,251,372
Img_1965.jpg,612,408,smartphone,190,29,214,63
Img_1966.jpg,612,408,smartphone,353,1,442,92
Img_1967.jpg,612,407,smartphone,313,95,415,296
Img_1968.jpg,612,344,smartphone,198,317,288,337
Img_1969.jpg,612,612,smartphone,402,259,544,509
Img_1970.jpg,612,408,smartphone,208,21,335,207
Img_1970.jpg,612,408,smartphone,401,193,493,361
Img_1971.jpg,612,344,smartphone,87,247,523,317
Img_1973.jpg,612,408,smartphone,292,92,520,251
Img_1974.jpg,612,401,smartphone,208,357,275,375
Img_1975.jpg,612,408,smartphone,161,225,529,294
Img_1976.jpg,612,408,smartphone,301,340,362,371
Img_1977.jpg,612,408,smartphone,481,64,539,169
Img_1978.jpg,612,408,smartphone,269,142,380,256
Img_1979.jpg,612,408,smartphone,211,226,225,254
Img_198.jpg,612,408,smartphone,82,140,240,371
Img_1980.jpg,612,408,smartphone,236,36,381,335
Img_1981.jpg,612,408,smartphone,258,205,329,315
Img_1982.jpg,612,408,smartphone,287,91,389,307
Img_1983.jpg,612,408,smartphone,165,42,400,345
Img_1984.jpg,612,408,smartphone,172,66,282,298
Img_1985.jpg,612,408,smartphone,425,86,509,180
Img_1986.jpg,612,459,smartphone,160,277,245,444
Img_1989.jpg,612,408,smartphone,289,222,369,284
Img_199.jpg,612,408,smartphone,276,151,328,257
Img_1990.jpg,612,408,smartphone,109,162,359,203
Img_1991.jpg,612,408,smartphone,190,86,295,141
Img_1991.jpg,612,408,smartphone,301,130,408,188
Img_1991.jpg,612,408,smartphone,123,251,221,362
Img_1991.jpg,612,408,smartphone,388,254,473,351
Img_1994.jpg,513,612,smartphone,409,444,477,580
Img_1995.jpg,612,259,smartphone,382,139,454,228
Img_1996.jpg,612,408,smartphone,516,283,612,408
Img_1997.jpg,612,408,smartphone,235,221,303,261
Img_1998.jpg,612,408,smartphone,235,12,363,267
Img_1999.jpg,612,408,smartphone,153,74,474,393
Img_2.jpg,612,350,smartphone,434,35,571,312
Img_20.jpg,612,408,smartphone,238,34,424,318
Img_200.jpg,612,408,smartphone,126,206,263,359
Img_2000.jpg,612,344,smartphone,397,130,452,232
Img_2001.jpg,612,408,smartphone,226,45,390,369
Img_2003.jpg,612,408,smartphone,51,164,219,261
Img_2003.jpg,612,408,smartphone,54,205,257,316
Img_2003.jpg,612,408,smartphone,74,249,326,390
Img_2003.jpg,612,408,smartphone,30,133,186,215
Img_2003.jpg,612,408,smartphone,401,10,609,108
Img_2003.jpg,612,408,smartphone,469,59,612,146
Img_2003.jpg,612,408,smartphone,338,1,513,79
Img_2006.jpg,435,612,smartphone,181,402,392,570
Img_2007.jpg,612,407,smartphone,285,54,441,334
Img_2008.jpg,612,408,smartphone,98,211,127,248
Img_2008.jpg,612,408,smartphone,340,228,368,248
Img_2008.jpg,612,408,smartphone,541,224,566,248
Img_2009.jpg,612,408,smartphone,173,247,210,284
Img_2010.jpg,612,408,smartphone,354,79,381,153
Img_2011.jpg,612,408,smartphone,339,143,349,154
Img_2012.jpg,612,408,smartphone,262,181,357,297
Img_2013.jpg,612,408,smartphone,58,152,159,303
Img_2014.jpg,612,409,smartphone,384,248,448,378
Img_2017.jpg,612,408,smartphone,376,252,448,333
Img_2019.jpg,408,612,smartphone,143,368,201,494
Img_202.jpg,612,408,smartphone,161,87,465,235
Img_2020.jpg,408,612,smartphone,168,368,271,498
Img_2022.jpg,612,408,smartphone,230,108,366,303
Img_2023.jpg,612,344,smartphone,113,79,612,290
Img_2024.jpg,612,408,smartphone,199,173,236,220
Img_2026.jpg,612,408,smartphone,523,354,594,408
Img_2027.jpg,408,612,smartphone,169,509,248,525
Img_2028.jpg,612,408,smartphone,342,351,492,382
Img_2029.jpg,612,408,smartphone,393,136,476,299
Img_203.jpg,612,408,smartphone,354,89,523,331
Img_2030.jpg,612,408,smartphone,355,318,410,353
Img_2031.jpg,612,296,smartphone,125,151,494,241
Img_2032.jpg,408,612,smartphone,183,215,283,396
Img_2033.jpg,612,458,smartphone,91,338,521,398
Img_2034.jpg,612,408,smartphone,284,178,433,232
Img_2036.jpg,612,408,smartphone,210,61,328,290
Img_2037.jpg,612,408,smartphone,512,185,612,324
Img_2038.jpg,612,405,smartphone,127,182,220,266
Img_2039.jpg,612,408,smartphone,212,268,345,327
Img_204.jpg,612,408,smartphone,238,89,350,325
Img_2040.jpg,612,408,smartphone,270,25,347,174
Img_2041.jpg,612,408,smartphone,448,224,586,393
Img_2042.jpg,612,344,smartphone,553,250,612,273
Img_2043.jpg,612,408,smartphone,156,169,205,232
Img_2044.jpg,612,408,smartphone,407,356,475,408
Img_2045.jpg,612,408,smartphone,62,92,249,345
Img_2046.jpg,612,408,smartphone,405,103,513,250
Img_2047.jpg,408,612,smartphone,228,303,361,513
Img_2048.jpg,612,408,smartphone,323,122,349,190
Img_205.jpg,612,409,smartphone,311,119,342,159
Img_205.jpg,612,409,smartphone,145,118,207,182
Img_2050.jpg,612,408,smartphone,219,62,372,377
Img_2051.jpg,612,459,smartphone,238,282,331,369
Img_2053.jpg,612,408,smartphone,446,150,586,338
Img_2054.jpg,612,408,smartphone,298,253,411,337
Img_2056.jpg,612,408,smartphone,429,11,537,94
Img_2057.jpg,612,366,smartphone,175,57,219,123
Img_2057.jpg,612,366,smartphone,318,227,353,291
Img_2057.jpg,612,366,smartphone,437,16,494,69
Img_2058.jpg,612,409,smartphone,53,85,206,333
Img_2059.jpg,612,408,smartphone,87,197,132,301
Img_206.jpg,612,409,smartphone,167,176,191,216
Img_206.jpg,612,409,smartphone,199,224,232,268
Img_206.jpg,612,409,smartphone,316,168,346,207
Img_206.jpg,612,409,smartphone,382,258,419,299
Img_2060.jpg,612,408,smartphone,157,99,264,300
Img_2061.jpg,612,408,smartphone,219,194,407,353
Img_2063.jpg,612,408,smartphone,352,137,410,193
Img_2066.jpg,612,408,smartphone,1,29,99,235
Img_2068.jpg,612,249,smartphone,445,88,485,135
Img_207.jpg,612,408,smartphone,188,254,301,380
Img_2070.jpg,612,408,smartphone,481,373,579,383
Img_2072.jpg,612,423,smartphone,288,146,391,207
Img_2072.jpg,612,423,smartphone,383,33,425,109
Img_2073.jpg,612,408,smartphone,378,301,480,371
Img_2074.jpg,612,407,smartphone,233,135,344,244
Img_2076.jpg,612,408,smartphone,277,180,410,387
Img_2077.jpg,612,408,smartphone,296,305,357,363
Img_2078.jpg,612,408,smartphone,1,172,36,237
Img_208.jpg,612,408,smartphone,232,29,376,311
Img_2081.jpg,612,408,smartphone,273,1,394,63
Img_2082.jpg,612,408,smartphone,114,26,183,165
Img_2083.jpg,612,408,smartphone,284,276,362,343
Img_2083.jpg,612,408,smartphone,280,66,328,140
Img_2083.jpg,612,408,smartphone,196,93,257,140
Img_2085.jpg,612,408,smartphone,496,184,612,308
Img_2086.jpg,612,408,smartphone,252,34,410,364
Img_2088.jpg,612,408,smartphone,47,279,121,304
Img_2089.jpg,612,408,smartphone,536,251,581,340
Img_209.jpg,612,408,smartphone,37,176,173,358
Img_2090.jpg,612,408,smartphone,465,127,545,297
Img_2091.jpg,612,409,smartphone,25,222,182,405
Img_2092.jpg,612,408,smartphone,273,23,567,389
Img_2093.jpg,612,408,smartphone,112,175,267,262
Img_2095.jpg,612,408,smartphone,385,253,484,274
Img_2096.jpg,612,408,smartphone,263,287,291,315
Img_2097.jpg,612,408,smartphone,223,41,376,355
Img_2098.jpg,612,370,smartphone,307,35,357,95
Img_2098.jpg,612,370,smartphone,212,232,243,290
Img_2098.jpg,612,370,smartphone,424,264,472,321
Img_2099.jpg,612,404,smartphone,256,180,350,369
Img_21.jpg,612,408,smartphone,217,69,396,376
Img_2100.jpg,612,612,smartphone,114,470,226,529
Img_2100.jpg,612,612,smartphone,430,568,526,612
Img_2101.jpg,529,612,smartphone,362,132,509,225
Img_2103.jpg,612,408,smartphone,482,278,612,343
Img_2104.jpg,612,408,smartphone,428,370,518,395
Img_2105.jpg,612,408,smartphone,335,373,452,395
Img_2107.jpg,612,408,smartphone,111,51,342,408
Img_2109.jpg,612,408,smartphone,134,56,354,312
Img_2110.jpg,612,408,smartphone,213,295,231,319
Img_2111.jpg,612,408,smartphone,250,296,406,348
Img_2112.jpg,612,408,smartphone,177,18,244,70
Img_2112.jpg,612,408,smartphone,180,143,241,226
Img_2112.jpg,612,408,smartphone,347,162,398,258
Img_2113.jpg,612,408,smartphone,91,228,188,389
Img_2115.jpg,612,408,smartphone,122,140,161,166
Img_2116.jpg,612,331,smartphone,408,1,494,95
Img_2118.jpg,612,408,smartphone,276,215,422,353
Img_2118.jpg,612,408,smartphone,349,151,469,249
Img_2118.jpg,612,408,smartphone,85,171,288,371
Img_2120.jpg,612,407,smartphone,262,172,332,306
Img_2121.jpg,612,408,smartphone,316,288,381,324
Img_2122.jpg,612,408,smartphone,179,187,259,267
Img_2122.jpg,612,408,smartphone,188,111,222,143
Img_2123.jpg,612,344,smartphone,349,38,473,208
Img_2125.jpg,612,412,smartphone,293,338,348,365
Img_2126.jpg,612,408,smartphone,463,166,554,288
Img_2127.jpg,612,408,smartphone,40,190,162,337
Img_2128.jpg,612,407,smartphone,29,283,155,345
Img_2129.jpg,612,408,smartphone,267,298,477,326
Img_2130.jpg,612,408,smartphone,55,238,99,330
Img_2131.jpg,612,408,smartphone,356,201,501,370
Img_2132.jpg,612,408,smartphone,305,43,463,333
Img_2133.jpg,612,409,smartphone,214,179,291,249
Img_2134.jpg,612,408,smartphone,232,10,392,223
Img_2135.jpg,612,408,smartphone,479,325,597,408
Img_2136.jpg,612,408,smartphone,47,178,320,264
Img_2138.jpg,612,408,smartphone,388,340,435,356
Img_2139.jpg,612,408,smartphone,382,287,462,301
Img_2139.jpg,612,408,smartphone,292,195,318,217
Img_214.jpg,612,408,smartphone,259,148,342,266
Img_2140.jpg,612,408,smartphone,364,151,398,184
Img_2141.jpg,407,612,smartphone,199,167,343,438
Img_2142.jpg,612,408,smartphone,259,1,350,124
Img_2143.jpg,612,408,smartphone,64,83,524,339
Img_2144.jpg,612,408,smartphone,125,233,250,374
Img_2144.jpg,612,408,smartphone,374,268,540,377
Img_2145.jpg,612,420,smartphone,397,101,448,167
Img_2147.jpg,612,408,smartphone,248,236,491,290
Img_2148.jpg,612,428,smartphone,246,156,346,350
Img_2149.jpg,612,408,smartphone,307,251,372,295
Img_2150.jpg,612,408,smartphone,154,109,327,337
Img_2152.jpg,612,408,smartphone,1,1,74,106
Img_2154.jpg,612,408,smartphone,138,96,414,374
Img_2156.jpg,612,408,smartphone,11,262,78,342
Img_2156.jpg,612,408,smartphone,308,217,369,265
Img_2157.jpg,612,408,smartphone,396,198,441,276
Img_2158.jpg,612,408,smartphone,446,143,559,343
Img_2159.jpg,612,404,smartphone,267,250,344,310
Img_216.jpg,447,612,smartphone,294,282,428,436
Img_2160.jpg,612,408,smartphone,268,1,512,385
Img_2161.jpg,612,408,smartphone,382,269,440,353
Img_2162.jpg,612,408,smartphone,217,379,284,408
Img_2162.jpg,612,408,smartphone,504,376,587,408
Img_2163.jpg,612,408,smartphone,541,182,612,293
Img_2164.jpg,612,408,smartphone,254,232,290,275
Img_2165.jpg,612,408,smartphone,225,99,334,327
Img_2166.jpg,612,408,smartphone,191,61,408,292
Img_2167.jpg,612,344,smartphone,51,187,144,292
Img_2168.jpg,612,408,smartphone,290,125,310,189
Img_2169.jpg,612,408,smartphone,266,251,406,284
Img_217.jpg,612,344,smartphone,380,300,457,317
Img_2170.jpg,612,408,smartphone,202,150,304,289
Img_2174.jpg,612,408,smartphone,493,213,548,327
Img_2175.jpg,612,408,smartphone,110,245,247,274
Img_2175.jpg,612,408,smartphone,275,115,345,169
Img_2176.jpg,408,612,smartphone,321,408,408,492
Img_2177.jpg,612,408,smartphone,290,211,353,289
Img_2179.jpg,612,408,smartphone,85,312,225,408
Img_218.jpg,612,408,smartphone,255,97,393,378
Img_2181.jpg,612,408,smartphone,283,140,390,174
Img_2184.jpg,612,407,smartphone,192,248,425,341
Img_2186.jpg,612,408,smartphone,118,127,279,405
Img_2187.jpg,612,344,smartphone,269,312,357,344
Img_2188.jpg,612,409,smartphone,302,1,415,46
Img_2189.jpg,612,408,smartphone,291,139,445,359
Img_219.jpg,612,408,smartphone,268,358,373,398
Img_2192.jpg,612,408,smartphone,281,109,381,313
Img_2194.jpg,612,408,smartphone,161,118,210,154
Img_2194.jpg,612,408,smartphone,241,72,279,124
Img_2194.jpg,612,408,smartphone,382,296,432,327
Img_2197.jpg,612,344,smartphone,197,80,351,222
Img_22.jpg,612,407,smartphone,135,131,211,283
Img_220.jpg,612,408,smartphone,236,81,341,271
Img_2200.jpg,612,408,smartphone,535,268,590,374
Img_2203.jpg,612,408,smartphone,307,89,540,407
Img_2205.jpg,612,408,smartphone,446,120,551,332
Img_2208.jpg,612,408,smartphone,304,200,489,394
Img_2209.jpg,612,408,smartphone,158,303,265,344
Img_2211.jpg,612,408,smartphone,235,89,367,289
Img_2213.jpg,612,408,smartphone,163,142,295,334
Img_2214.jpg,612,408,smartphone,202,179,310,331
Img_2215.jpg,408,612,smartphone,125,229,230,318
Img_2217.jpg,612,404,smartphone,236,159,347,224
Img_2218.jpg,612,408,smartphone,290,39,536,354
Img_2219.jpg,612,408,smartphone,285,321,402,339
Img_2220.jpg,612,408,smartphone,445,66,532,145
Img_2221.jpg,612,408,smartphone,170,13,389,221
Img_2222.jpg,612,408,smartphone,140,324,191,349
Img_2223.jpg,612,408,smartphone,285,163,350,272
Img_2224.jpg,424,612,smartphone,71,393,140,483
Img_2224.jpg,424,612,smartphone,252,105,326,177
Img_2225.jpg,612,408,smartphone,453,322,499,362
Img_2226.jpg,612,408,smartphone,119,95,344,373
Img_2227.jpg,612,612,smartphone,15,361,211,525
Img_2228.jpg,612,408,smartphone,237,299,308,306
Img_2229.jpg,408,612,smartphone,79,135,283,361
Img_223.jpg,612,408,smartphone,535,249,581,339
Img_2230.jpg,612,408,smartphone,260,224,307,273
Img_2231.jpg,612,409,smartphone,214,336,301,352
Img_2233.jpg,612,408,smartphone,171,317,227,336
Img_2234.jpg,612,408,smartphone,407,201,518,305
Img_2235.jpg,612,449,smartphone,68,235,165,417
Img_2237.jpg,612,408,smartphone,313,209,370,246
Img_2237.jpg,612,408,smartphone,380,324,400,357
Img_2238.jpg,612,408,smartphone,529,48,607,106
Img_2239.jpg,612,231,smartphone,279,44,299,60
Img_2239.jpg,612,231,smartphone,391,36,407,45
Img_224.jpg,612,407,smartphone,295,119,311,138
Img_224.jpg,612,407,smartphone,301,244,315,266
Img_224.jpg,612,407,smartphone,143,29,160,41
Img_224.jpg,612,407,smartphone,127,27,137,40
Img_2240.jpg,612,408,smartphone,345,75,499,388
Img_2243.jpg,612,405,smartphone,182,204,203,212
Img_2244.jpg,612,408,smartphone,217,198,287,253
Img_2246.jpg,612,408,smartphone,110,189,158,234
Img_2247.jpg,612,408,smartphone,9,8,343,399
Img_2249.jpg,612,408,smartphone,261,79,354,265
Img_225.jpg,612,408,smartphone,282,139,515,216
Img_2250.jpg,612,408,smartphone,81,131,269,355
Img_2252.jpg,612,408,smartphone,153,169,267,346
Img_2253.jpg,612,408,smartphone,244,289,295,315
Img_2254.jpg,612,408,smartphone,245,168,307,221
Img_2256.jpg,612,408,smartphone,451,1,551,79
Img_226.jpg,612,408,smartphone,99,240,145,331
Img_2261.jpg,612,408,smartphone,134,1,371,63
Img_2262.jpg,612,408,smartphone,329,273,366,307
Img_2265.jpg,612,395,smartphone,261,222,418,327
Img_2266.jpg,408,612,smartphone,202,89,332,360
Img_2269.jpg,612,408,smartphone,203,183,287,357
Img_2270.jpg,612,459,smartphone,111,375,202,414
Img_2272.jpg,612,421,smartphone,210,43,348,278
Img_2273.jpg,612,408,smartphone,220,193,262,269
Img_2274.jpg,612,408,smartphone,263,186,336,337
Img_2275.jpg,612,408,smartphone,82,195,173,279
Img_2276.jpg,612,408,smartphone,266,272,326,314
Img_2278.jpg,612,408,smartphone,299,104,386,280
Img_2279.jpg,612,453,smartphone,275,406,376,439
Img_228.jpg,612,408,smartphone,245,269,297,333
Img_2282.jpg,612,408,smartphone,393,100,451,204
Img_2283.jpg,612,407,smartphone,294,281,330,340
Img_2284.jpg,612,408,smartphone,1,210,99,323
Img_2286.jpg,612,408,smartphone,357,185,412,232
Img_2287.jpg,612,408,smartphone,118,74,305,312
Img_2288.jpg,612,408,smartphone,203,189,305,336
Img_2289.jpg,612,272,smartphone,286,123,375,216
Img_2290.jpg,612,408,smartphone,269,135,322,241
Img_2291.jpg,612,404,smartphone,203,36,607,386
Img_2292.jpg,612,408,smartphone,256,97,347,149
Img_2294.jpg,612,408,smartphone,261,129,347,299
Img_2295.jpg,612,408,smartphone,203,233,252,270
Img_2296.jpg,612,344,smartphone,134,136,220,285
Img_2297.jpg,612,408,smartphone,268,79,348,194
Img_2298.jpg,612,408,smartphone,195,254,259,296
Img_2299.jpg,612,408,smartphone,160,184,333,299
Img_23.jpg,612,408,smartphone,229,27,359,233
Img_230.jpg,612,408,smartphone,77,192,154,312
Img_2300.jpg,612,378,smartphone,19,194,172,378
Img_2301.jpg,612,309,smartphone,354,162,389,227
Img_2302.jpg,612,408,smartphone,61,315,148,398
Img_2304.jpg,612,408,smartphone,455,353,531,383
Img_2305.jpg,612,408,smartphone,219,345,272,362
Img_2306.jpg,459,612,smartphone,287,305,459,376
Img_2307.jpg,612,408,smartphone,335,332,380,361
Img_2308.jpg,612,414,smartphone,343,168,449,272
Img_2309.jpg,612,408,smartphone,297,89,428,323
Img_2310.jpg,612,408,smartphone,366,200,436,228
Img_2311.jpg,612,408,smartphone,192,161,245,214
Img_2312.jpg,612,408,smartphone,265,112,330,244
Img_2313.jpg,612,406,smartphone,248,215,328,375
Img_2315.jpg,612,408,smartphone,269,261,310,285
Img_2316.jpg,612,408,smartphone,291,41,503,313
Img_2317.jpg,612,388,smartphone,137,149,189,259
Img_2318.jpg,612,424,smartphone,125,72,241,310
Img_2319.jpg,612,320,smartphone,389,107,467,201
Img_232.jpg,612,459,smartphone,128,47,485,411
Img_2320.jpg,612,407,smartphone,137,223,196,317
Img_2322.jpg,612,408,smartphone,234,223,323,278
Img_2324.jpg,612,408,smartphone,230,240,305,303
Img_2325.jpg,612,344,smartphone,174,283,365,336
Img_2326.jpg,612,408,smartphone,16,299,91,377
Img_2327.jpg,612,408,smartphone,408,212,480,279
Img_2328.jpg,612,408,smartphone,242,306,352,369
Img_233.jpg,612,408,smartphone,523,255,575,349
Img_2330.jpg,408,612,smartphone,250,265,318,344
Img_2331.jpg,612,408,smartphone,149,173,215,309
Img_2332.jpg,612,408,smartphone,286,288,407,408
Img_2333.jpg,612,408,smartphone,342,75,479,244
Img_2335.jpg,612,408,smartphone,323,384,391,408
Img_2336.jpg,612,408,smartphone,270,269,425,299
Img_2337.jpg,612,408,smartphone,489,106,597,267
Img_2338.jpg,612,408,smartphone,216,209,250,244
Img_2339.jpg,612,421,smartphone,187,213,284,295
Img_234.jpg,612,408,smartphone,238,224,284,315
Img_2340.jpg,612,408,smartphone,330,45,466,324
Img_2341.jpg,612,408,smartphone,262,154,400,264
Img_2342.jpg,612,408,smartphone,255,90,496,215
Img_2344.jpg,612,408,smartphone,575,334,610,344
Img_2345.jpg,612,453,smartphone,129,164,505,358
Img_2347.jpg,612,408,smartphone,203,300,324,379
Img_2348.jpg,612,408,smartphone,330,228,385,239
Img_2348.jpg,612,408,smartphone,173,334,211,368
Img_2349.jpg,612,459,smartphone,126,181,165,188
Img_235.jpg,612,421,smartphone,71,221,180,360
Img_2350.jpg,612,469,smartphone,375,324,405,355
Img_2350.jpg,612,469,smartphone,565,290,599,321
Img_2350.jpg,612,469,smartphone,349,196,368,217
Img_2352.jpg,612,385,smartphone,219,57,340,302
Img_2354.jpg,612,408,smartphone,316,140,365,199
Img_2355.jpg,612,408,smartphone,265,120,282,151
Img_2357.jpg,612,408,smartphone,248,376,384,399
Img_2359.jpg,612,408,smartphone,105,185,155,272
Img_236.jpg,612,407,smartphone,199,215,344,384
Img_2360.jpg,612,408,smartphone,349,270,415,310
Img_2361.jpg,612,344,smartphone,1,196,280,330
Img_2363.jpg,612,408,smartphone,454,209,516,296
Img_2365.jpg,612,408,smartphone,285,279,379,298
Img_2366.jpg,612,408,smartphone,85,75,222,313
Img_2367.jpg,612,408,smartphone,236,277,326,334
Img_2369.jpg,409,612,smartphone,81,58,322,543
Img_237.jpg,612,398,smartphone,139,199,252,352
Img_2370.jpg,612,408,smartphone,453,262,505,364
Img_2371.jpg,612,408,smartphone,51,58,248,336
Img_2373.jpg,612,531,smartphone,410,288,458,392
Img_2374.jpg,612,408,smartphone,373,155,478,356
Img_2375.jpg,612,408,smartphone,396,163,425,224
Img_2376.jpg,612,408,smartphone,484,104,612,339
Img_2377.jpg,612,408,smartphone,187,196,273,279
Img_2377.jpg,612,408,smartphone,387,169,447,215
Img_2377.jpg,612,408,smartphone,210,94,270,159
Img_2377.jpg,612,408,smartphone,287,74,352,129
Img_2377.jpg,612,408,smartphone,357,230,421,306
Img_2378.jpg,612,416,smartphone,108,243,218,387
Img_2379.jpg,408,612,smartphone,144,240,164,260
Img_238.jpg,612,408,smartphone,80,23,395,408
Img_2380.jpg,612,408,smartphone,97,149,230,341
Img_2381.jpg,612,408,smartphone,275,195,313,278
Img_2383.jpg,612,410,smartphone,119,381,163,402
Img_2384.jpg,612,408,smartphone,213,29,418,303
Img_2385.jpg,612,459,smartphone,156,29,276,204
Img_2386.jpg,612,408,smartphone,367,134,469,283
Img_2388.jpg,612,408,smartphone,363,198,411,237
Img_2389.jpg,612,408,smartphone,273,347,412,383
Img_2390.jpg,612,408,smartphone,543,90,586,118
Img_2393.jpg,612,408,smartphone,431,349,468,366
Img_2394.jpg,407,612,smartphone,80,61,315,513
Img_2395.jpg,612,408,smartphone,82,76,497,408
Img_2396.jpg,612,408,smartphone,233,341,276,391
Img_2397.jpg,612,405,smartphone,303,87,521,380
Img_2398.jpg,612,328,smartphone,505,1,607,80
Img_2399.jpg,612,369,smartphone,45,260,128,311
Img_24.jpg,612,408,smartphone,164,63,337,392
Img_2400.jpg,612,408,smartphone,135,43,372,331
Img_241.jpg,612,408,smartphone,127,49,460,319
Img_244.jpg,612,408,smartphone,318,88,430,225
Img_245.jpg,612,408,smartphone,93,178,557,346
Img_246.jpg,612,408,smartphone,235,214,467,385
Img_247.jpg,612,408,smartphone,211,149,305,319
Img_248.jpg,612,407,smartphone,252,161,448,368
Img_249.jpg,612,408,smartphone,315,114,452,294
Img_25.jpg,612,408,smartphone,39,56,565,340
Img_250.jpg,612,408,smartphone,185,199,464,245
Img_251.jpg,612,408,smartphone,225,291,270,319
Img_252.jpg,612,408,smartphone,169,201,495,379
Img_253.jpg,612,408,smartphone,394,42,449,149
Img_254.jpg,612,408,smartphone,226,68,380,379
Img_254.jpg,612,408,smartphone,394,162,460,309
Img_255.jpg,612,408,smartphone,225,66,377,378
Img_256.jpg,612,373,smartphone,375,190,410,260
Img_257.jpg,612,408,smartphone,1,148,47,263
Img_258.jpg,612,408,smartphone,551,217,603,244
Img_258.jpg,612,408,smartphone,328,247,366,272
Img_258.jpg,612,408,smartphone,85,234,118,260
Img_259.jpg,612,408,smartphone,393,158,450,262
Img_26.jpg,612,408,smartphone,445,143,560,345
Img_260.jpg,612,409,smartphone,75,181,108,246
Img_261.jpg,612,408,smartphone,164,149,328,236
Img_262.jpg,612,396,smartphone,519,279,612,330
Img_263.jpg,612,352,smartphone,235,77,357,321
Img_264.jpg,612,408,smartphone,188,249,568,365
Img_265.jpg,612,408,smartphone,445,106,468,127
Img_265.jpg,612,408,smartphone,339,91,369,114
Img_266.jpg,425,612,smartphone,107,379,312,538
Img_268.jpg,612,408,smartphone,389,175,464,289
Img_269.jpg,612,408,smartphone,316,262,379,349
Img_27.jpg,612,320,smartphone,390,113,467,202
Img_270.jpg,612,398,smartphone,316,278,365,309
Img_271.jpg,612,408,smartphone,108,61,254,358
Img_272.jpg,612,408,smartphone,241,87,368,344
Img_273.jpg,612,408,smartphone,126,213,229,379
Img_274.jpg,612,408,smartphone,40,126,130,297
Img_275.jpg,612,408,smartphone,454,191,498,254
Img_275.jpg,612,408,smartphone,213,212,239,244
Img_276.jpg,612,408,smartphone,196,159,242,225
Img_277.jpg,612,408,smartphone,220,66,370,376
Img_278.jpg,612,408,smartphone,319,274,455,375
Img_279.jpg,612,408,smartphone,305,43,413,271
Img_28.jpg,612,408,smartphone,273,54,355,158
Img_280.jpg,612,408,smartphone,234,52,375,335
Img_281.jpg,612,408,smartphone,343,28,500,355
Img_282.jpg,612,395,smartphone,190,162,267,280
Img_283.jpg,612,408,smartphone,2,232,135,400
Img_284.jpg,612,408,smartphone,42,291,167,346
Img_285.jpg,612,408,smartphone,210,125,352,304
Img_286.jpg,612,408,smartphone,275,211,311,258
Img_287.jpg,612,408,smartphone,248,27,432,277
Img_288.jpg,612,399,smartphone,25,363,100,376
Img_289.jpg,612,408,smartphone,338,217,358,228
Img_29.jpg,612,406,smartphone,295,103,439,276
Img_290.jpg,612,410,smartphone,255,81,363,316
Img_291.jpg,612,413,smartphone,98,51,318,362
Img_295.jpg,612,612,smartphone,192,171,325,380
Img_296.jpg,612,408,smartphone,75,314,181,397
Img_297.jpg,612,407,smartphone,290,212,314,249
Img_297.jpg,612,407,smartphone,370,340,484,386
Img_298.jpg,612,408,smartphone,355,160,439,294
Img_299.jpg,612,408,smartphone,282,32,565,365
Img_3.jpg,612,288,smartphone,180,163,243,246
Img_30.jpg,612,408,smartphone,225,127,314,299
Img_300.jpg,612,408,smartphone,208,75,419,323
Img_301.jpg,612,408,smartphone,340,181,430,301
Img_303.jpg,612,408,smartphone,290,24,537,384
Img_304.jpg,612,374,smartphone,263,202,305,252
Img_304.jpg,612,374,smartphone,179,220,214,260
Img_304.jpg,612,374,smartphone,70,198,93,244
Img_305.jpg,612,408,smartphone,98,237,145,331
Img_308.jpg,612,408,smartphone,164,39,344,332
Img_31.jpg,612,408,smartphone,121,84,259,364
Img_311.jpg,612,408,smartphone,356,269,484,408
Img_312.jpg,612,408,smartphone,162,23,327,247
Img_313.jpg,612,408,smartphone,65,252,135,342
Img_314.jpg,612,408,smartphone,395,144,533,196
Img_315.jpg,612,388,smartphone,272,149,345,298
Img_318.jpg,612,408,smartphone,204,69,336,304
Img_319.jpg,612,408,smartphone,186,329,489,386
Img_32.jpg,612,408,smartphone,226,59,278,162
Img_320.jpg,612,408,smartphone,272,94,455,329
Img_322.jpg,612,408,smartphone,246,197,398,227
Img_323.jpg,612,408,smartphone,537,249,581,341
Img_324.jpg,612,407,smartphone,302,242,315,266
Img_324.jpg,612,407,smartphone,294,120,310,138
Img_324.jpg,612,407,smartphone,144,29,157,42
Img_324.jpg,612,407,smartphone,125,29,139,40
Img_325.jpg,612,408,smartphone,281,148,510,214
Img_326.jpg,612,408,smartphone,100,240,146,332
Img_328.jpg,612,408,smartphone,245,270,296,333
Img_33.jpg,612,408,smartphone,216,246,346,320
Img_330.jpg,612,408,smartphone,76,190,155,312
Img_331.jpg,612,408,smartphone,345,270,399,329
Img_332.jpg,612,459,smartphone,127,48,484,419
Img_333.jpg,612,408,smartphone,524,252,573,348
Img_334.jpg,612,408,smartphone,238,225,285,315
Img_335.jpg,612,421,smartphone,71,221,179,363
Img_336.jpg,612,407,smartphone,196,215,343,383
Img_337.jpg,612,398,smartphone,140,199,252,351
Img_338.jpg,612,408,smartphone,79,24,396,408
Img_34.jpg,612,408,smartphone,225,24,364,106
Img_341.jpg,612,408,smartphone,126,48,460,322
Img_342.jpg,612,408,smartphone,70,131,142,256
Img_345.jpg,612,408,smartphone,93,178,560,349
Img_346.jpg,612,408,smartphone,233,215,467,385
Img_347.jpg,612,408,smartphone,212,149,305,321
Img_348.jpg,612,407,smartphone,252,160,447,368
Img_349.jpg,612,408,smartphone,315,114,453,295
Img_35.jpg,612,408,smartphone,320,139,379,264
Img_352.jpg,612,408,smartphone,169,202,492,376
Img_353.jpg,612,408,smartphone,395,43,447,147
Img_354.jpg,612,408,smartphone,230,66,379,379
Img_354.jpg,612,408,smartphone,393,158,460,305
Img_355.jpg,612,408,smartphone,227,65,379,379
Img_356.jpg,612,373,smartphone,375,186,410,260
Img_357.jpg,612,408,smartphone,1,149,48,268
Img_359.jpg,612,408,smartphone,395,157,451,262
Img_360.jpg,612,409,smartphone,73,183,105,245
Img_362.jpg,612,408,smartphone,215,57,375,319
Img_363.jpg,612,385,smartphone,111,198,164,277
Img_364.jpg,612,408,smartphone,456,272,541,360
Img_367.jpg,612,408,smartphone,25,96,163,267
Img_37.jpg,612,408,smartphone,445,144,559,344
Img_370.jpg,612,406,smartphone,506,255,583,353
Img_371.jpg,612,405,smartphone,138,263,248,357
Img_373.jpg,612,408,smartphone,234,179,371,276
Img_374.jpg,612,408,smartphone,274,249,315,274
Img_374.jpg,612,408,smartphone,44,199,81,228
Img_374.jpg,612,408,smartphone,309,99,327,124
Img_374.jpg,612,408,smartphone,430,267,457,308
Img_374.jpg,612,408,smartphone,468,232,503,263
Img_375.jpg,612,408,smartphone,435,258,509,355
Img_379.jpg,612,408,smartphone,136,110,223,148
Img_38.jpg,612,408,smartphone,165,114,280,274
Img_380.jpg,612,408,smartphone,249,199,397,224
Img_381.jpg,612,236,smartphone,334,139,369,175
Img_381.jpg,612,236,smartphone,65,156,85,193
Img_382.jpg,612,408,smartphone,538,252,579,341
Img_383.jpg,522,612,smartphone,317,29,469,177
Img_384.jpg,612,407,smartphone,299,241,315,263
Img_384.jpg,612,407,smartphone,140,30,159,41
Img_384.jpg,612,407,smartphone,125,28,135,41
Img_384.jpg,612,407,smartphone,294,120,311,139
Img_386.jpg,612,408,smartphone,455,264,545,395
Img_387.jpg,612,408,smartphone,40,174,185,391
Img_389.jpg,612,408,smartphone,137,62,342,330
Img_39.jpg,612,405,smartphone,75,258,118,348
Img_390.jpg,612,413,smartphone,294,117,473,244
Img_391.jpg,612,408,smartphone,235,126,350,290
Img_392.jpg,612,408,smartphone,284,139,514,214
Img_393.jpg,612,408,smartphone,100,238,145,329
Img_394.jpg,612,408,smartphone,251,109,366,305
Img_396.jpg,612,388,smartphone,32,209,209,311
Img_397.jpg,612,408,smartphone,176,75,340,259
Img_398.jpg,612,408,smartphone,244,269,300,332
Img_4.jpg,612,471,smartphone,308,192,372,329
Img_40.jpg,612,459,smartphone,297,98,380,269
Img_401.jpg,612,408,smartphone,78,193,155,312
Img_402.jpg,408,612,smartphone,131,265,330,349
Img_403.jpg,612,408,smartphone,298,184,365,322
Img_404.jpg,612,408,smartphone,345,269,395,328
Img_405.jpg,612,459,smartphone,128,48,484,410
Img_407.jpg,612,408,smartphone,158,197,267,330
Img_408.jpg,612,408,smartphone,523,256,575,348
Img_409.jpg,612,408,smartphone,240,225,282,314
Img_411.jpg,612,421,smartphone,71,222,180,360
Img_412.jpg,612,408,smartphone,243,59,370,318
Img_413.jpg,612,408,smartphone,416,279,495,389
Img_414.jpg,612,407,smartphone,198,215,343,384
Img_415.jpg,612,398,smartphone,140,201,252,350
Img_417.jpg,612,408,smartphone,80,23,396,408
Img_418.jpg,612,408,smartphone,454,244,612,405
Img_42.jpg,612,408,smartphone,345,109,458,339
Img_420.jpg,612,408,smartphone,159,67,589,385
Img_422.jpg,612,408,smartphone,251,194,396,225
Img_423.jpg,612,408,smartphone,537,249,580,343
Img_424.jpg,612,407,smartphone,302,243,313,263
Img_424.jpg,612,407,smartphone,144,27,157,42
Img_424.jpg,612,407,smartphone,125,27,139,38
Img_424.jpg,612,407,smartphone,291,120,315,140
Img_426.jpg,612,408,smartphone,100,239,147,330
Img_428.jpg,612,408,smartphone,244,272,294,330
Img_43.jpg,612,408,smartphone,229,69,359,342
Img_430.jpg,612,408,smartphone,78,191,155,311
Img_432.jpg,612,459,smartphone,126,49,485,417
Img_433.jpg,612,408,smartphone,525,254,574,347
Img_434.jpg,612,408,smartphone,240,226,283,314
Img_435.jpg,612,421,smartphone,71,222,179,360
Img_436.jpg,612,407,smartphone,198,216,342,384
Img_437.jpg,612,398,smartphone,140,197,252,352
Img_438.jpg,612,408,smartphone,76,24,395,408
Img_44.jpg,612,408,smartphone,255,89,353,292
Img_441.jpg,612,408,smartphone,126,49,462,318
Img_45.jpg,612,416,smartphone,280,108,398,329
Img_452.jpg,612,408,smartphone,170,199,493,377
Img_453.jpg,612,408,smartphone,393,42,450,148
Img_454.jpg,612,408,smartphone,229,68,377,376
Img_454.jpg,612,408,smartphone,395,157,460,306
Img_455.jpg,612,408,smartphone,227,66,378,378
Img_456.jpg,612,373,smartphone,377,188,410,256
Img_457.jpg,612,408,smartphone,1,148,47,264
Img_458.jpg,612,408,smartphone,329,249,366,274
Img_458.jpg,612,408,smartphone,81,234,120,260
Img_458.jpg,612,408,smartphone,546,217,605,243
Img_459.jpg,612,408,smartphone,393,155,452,263
Img_46.jpg,612,408,smartphone,243,54,370,315
Img_460.jpg,612,409,smartphone,74,180,105,246
Img_461.jpg,612,408,smartphone,15,188,109,233
Img_462.jpg,612,408,smartphone,229,62,379,377
Img_462.jpg,612,408,smartphone,391,160,464,306
Img_463.jpg,612,408,smartphone,242,99,368,359
Img_464.jpg,612,408,smartphone,230,64,375,377
Img_465.jpg,612,194,smartphone,22,143,60,171
Img_466.jpg,612,373,smartphone,375,187,408,258
Img_467.jpg,612,408,smartphone,220,141,369,385
Img_468.jpg,612,408,smartphone,1,149,46,264
Img_469.jpg,612,408,smartphone,251,25,422,370
Img_47.jpg,612,408,smartphone,251,72,387,312
Img_470.jpg,612,457,smartphone,90,39,205,241
Img_471.jpg,612,408,smartphone,81,238,118,259
Img_471.jpg,612,408,smartphone,330,249,360,274
Img_471.jpg,612,408,smartphone,550,219,604,244
Img_472.jpg,612,408,smartphone,395,161,451,263
Img_475.jpg,612,408,smartphone,188,111,295,301
Img_476.jpg,612,408,smartphone,340,143,440,253
Img_477.jpg,612,409,smartphone,76,182,105,243
Img_478.jpg,612,408,smartphone,418,313,527,383
Img_479.jpg,612,408,smartphone,181,52,228,142
Img_480.jpg,612,408,smartphone,366,47,412,135
Img_482.jpg,612,411,smartphone,216,235,241,264
Img_483.jpg,612,408,smartphone,490,104,612,199
Img_484.jpg,612,408,smartphone,222,104,416,233
Img_485.jpg,612,356,smartphone,252,212,305,305
Img_486.jpg,612,407,smartphone,137,224,197,319
Img_487.jpg,612,257,smartphone,530,165,602,246
Img_488.jpg,612,408,smartphone,85,220,222,395
Img_489.jpg,612,408,smartphone,60,181,192,387
Img_49.jpg,612,408,smartphone,304,56,429,274
Img_491.jpg,612,408,smartphone,347,46,380,113
Img_493.jpg,408,612,smartphone,61,99,213,398
Img_494.jpg,612,414,smartphone,56,322,137,374
Img_495.jpg,612,408,smartphone,50,34,425,316
Img_497.jpg,612,408,smartphone,238,127,365,375
Img_498.jpg,612,408,smartphone,424,138,539,377
Img_499.jpg,612,408,smartphone,163,234,245,352
Img_5.jpg,612,408,smartphone,75,314,181,396
Img_50.jpg,612,408,smartphone,136,333,250,401
Img_501.jpg,612,408,smartphone,455,276,498,355
Img_503.jpg,612,409,smartphone,293,199,433,298
Img_507.jpg,612,408,smartphone,424,220,534,378
Img_508.jpg,612,408,smartphone,361,122,497,394
Img_509.jpg,612,408,smartphone,17,309,125,408
Img_51.jpg,612,352,smartphone,430,91,502,229
Img_510.jpg,612,408,smartphone,217,198,241,226
Img_511.jpg,612,408,smartphone,67,56,215,242
Img_513.jpg,612,186,smartphone,274,98,325,164
Img_514.jpg,612,408,smartphone,75,206,130,320
Img_516.jpg,612,408,smartphone,183,101,310,290
Img_518.jpg,612,408,smartphone,99,298,170,334
Img_519.jpg,612,408,smartphone,406,75,505,248
Img_520.jpg,612,344,smartphone,343,7,612,323
Img_522.jpg,612,408,smartphone,246,194,395,228
Img_523.jpg,612,408,smartphone,535,250,581,341
Img_524.jpg,612,407,smartphone,300,242,315,265
Img_524.jpg,612,407,smartphone,295,120,312,141
Img_524.jpg,612,407,smartphone,144,30,160,43
Img_524.jpg,612,407,smartphone,125,26,139,43
Img_526.jpg,612,408,smartphone,100,236,144,334
Img_53.jpg,612,408,smartphone,525,255,573,349
Img_530.jpg,612,408,smartphone,78,191,155,315
Img_532.jpg,612,459,smartphone,128,49,487,415
Img_533.jpg,612,408,smartphone,523,257,573,349
Img_534.jpg,612,408,smartphone,238,222,283,320
Img_535.jpg,612,421,smartphone,70,222,180,360
Img_536.jpg,612,407,smartphone,200,217,343,383
Img_537.jpg,612,398,smartphone,140,199,251,350
Img_54.jpg,612,408,smartphone,478,232,550,337
Img_541.jpg,612,408,smartphone,126,48,460,319
Img_55.jpg,612,408,smartphone,300,106,382,281
Img_56.jpg,612,403,smartphone,249,83,364,320
Img_57.jpg,612,408,smartphone,270,75,400,274
Img_58.jpg,612,408,smartphone,257,129,334,282
Img_6.jpg,612,408,smartphone,145,234,210,358
Img_60.jpg,612,408,smartphone,125,73,244,306
Img_61.jpg,612,408,smartphone,272,55,357,157
Img_62.jpg,612,408,smartphone,102,12,344,344
Img_63.jpg,612,408,smartphone,125,214,231,375
Img_64.jpg,612,408,smartphone,288,267,312,311
Img_64.jpg,612,408,smartphone,172,52,201,105
Img_64.jpg,612,408,smartphone,1,26,10,79
Img_64.jpg,612,408,smartphone,440,46,467,107
Img_64.jpg,612,408,smartphone,584,269,612,323
Img_646.jpg,612,408,smartphone,233,219,468,383
Img_647.jpg,612,408,smartphone,210,148,304,319
Img_648.jpg,612,407,smartphone,254,165,448,369
Img_649.jpg,612,408,smartphone,317,115,453,294
Img_65.jpg,612,306,smartphone,133,8,276,283
Img_651.jpg,612,408,smartphone,225,289,270,327
Img_652.jpg,612,408,smartphone,170,202,495,377
Img_653.jpg,612,408,smartphone,394,43,449,147
Img_654.jpg,612,408,smartphone,226,68,379,378
Img_654.jpg,612,408,smartphone,394,158,464,304
Img_655.jpg,612,408,smartphone,228,68,377,379
Img_656.jpg,612,373,smartphone,375,189,410,258
Img_659.jpg,612,408,smartphone,396,157,452,262
Img_660.jpg,612,409,smartphone,76,184,105,243
Img_661.jpg,612,408,smartphone,211,218,238,237
Img_661.jpg,612,408,smartphone,224,117,245,143
Img_661.jpg,612,408,smartphone,289,203,320,223
Img_661.jpg,612,408,smartphone,290,144,312,169
Img_662.jpg,612,408,smartphone,1,308,68,387
Img_663.jpg,612,408,smartphone,304,111,380,262
Img_664.jpg,612,408,smartphone,229,121,315,227
Img_665.jpg,612,408,smartphone,189,324,493,387
Img_667.jpg,612,408,smartphone,35,34,190,216
Img_669.jpg,612,405,smartphone,195,241,242,279
Img_67.jpg,612,408,smartphone,192,68,315,315
Img_670.jpg,612,408,smartphone,70,234,189,387
Img_672.jpg,612,408,smartphone,63,369,120,408
Img_674.jpg,612,408,smartphone,254,40,465,339
Img_676.jpg,612,400,smartphone,137,210,287,258
Img_679.jpg,612,408,smartphone,22,284,534,377
Img_68.jpg,612,408,smartphone,107,132,277,314
Img_680.jpg,612,415,smartphone,475,204,545,332
Img_681.jpg,612,408,smartphone,419,142,512,284
Img_682.jpg,612,408,smartphone,267,276,370,359
Img_683.jpg,612,408,smartphone,411,331,527,355
Img_684.jpg,612,459,smartphone,1,219,371,418
Img_685.jpg,612,400,smartphone,480,249,603,273
Img_686.jpg,612,408,smartphone,395,43,448,147
Img_687.jpg,612,401,smartphone,571,356,612,377
Img_689.jpg,612,459,smartphone,26,75,245,384
Img_69.jpg,612,405,smartphone,301,342,581,397
Img_690.jpg,612,408,smartphone,283,57,495,308
Img_693.jpg,612,273,smartphone,361,59,438,218
Img_694.jpg,612,408,smartphone,418,104,498,204
Img_695.jpg,612,408,smartphone,20,38,259,341
Img_697.jpg,612,408,smartphone,87,304,230,408
Img_698.jpg,612,408,smartphone,225,162,255,207
Img_698.jpg,612,408,smartphone,392,89,451,149
Img_699.jpg,612,408,smartphone,107,304,238,367
Img_7.jpg,612,408,smartphone,252,111,360,329
Img_70.jpg,612,408,smartphone,243,60,373,340
Img_701.jpg,427,612,smartphone,107,232,153,279
Img_701.jpg,427,612,smartphone,271,259,300,284
Img_703.jpg,612,344,smartphone,260,163,307,185
Img_704.jpg,612,408,smartphone,160,238,304,294
Img_706.jpg,612,408,smartphone,169,342,350,399
Img_707.jpg,612,408,smartphone,5,259,125,329
Img_709.jpg,612,408,smartphone,180,189,229,254
Img_71.jpg,612,408,smartphone,262,34,487,371
Img_711.jpg,612,407,smartphone,386,91,543,259
Img_712.jpg,612,408,smartphone,455,52,538,194
Img_713.jpg,612,408,smartphone,229,191,256,219
Img_713.jpg,612,408,smartphone,150,262,180,313
Img_714.jpg,612,408,smartphone,403,1,600,214
Img_715.jpg,612,408,smartphone,11,51,228,213
Img_718.jpg,612,344,smartphone,391,161,455,279
Img_719.jpg,612,408,smartphone,231,44,309,139
Img_719.jpg,612,408,smartphone,428,120,520,179
Img_72.jpg,612,431,smartphone,359,47,542,306
Img_723.jpg,612,408,smartphone,536,252,581,341
Img_724.jpg,612,407,smartphone,302,243,316,267
Img_724.jpg,612,407,smartphone,294,120,312,139
Img_724.jpg,612,407,smartphone,143,28,160,42
Img_724.jpg,612,407,smartphone,127,27,135,41
Img_725.jpg,612,408,smartphone,284,155,509,215
Img_726.jpg,612,408,smartphone,100,238,146,329
Img_728.jpg,612,408,smartphone,245,269,296,332
Img_73.jpg,612,407,smartphone,245,223,299,283
Img_730.jpg,612,408,smartphone,77,190,155,312
Img_732.jpg,612,459,smartphone,128,50,486,413
Img_733.jpg,612,408,smartphone,525,255,575,348
Img_734.jpg,612,408,smartphone,239,225,285,314
Img_735.jpg,612,421,smartphone,71,222,180,361
Img_736.jpg,612,407,smartphone,197,218,343,383
Img_737.jpg,612,398,smartphone,139,203,252,350
Img_738.jpg,612,408,smartphone,81,24,395,408
Img_74.jpg,612,408,smartphone,207,241,241,267
Img_741.jpg,612,408,smartphone,126,51,461,324
Img_747.jpg,612,408,smartphone,212,149,306,322
Img_748.jpg,612,407,smartphone,254,165,447,366
Img_749.jpg,612,408,smartphone,315,113,454,293
Img_75.jpg,612,408,smartphone,341,104,501,335
Img_750.jpg,612,408,smartphone,189,188,459,243
Img_751.jpg,612,408,smartphone,225,292,269,323
Img_752.jpg,612,408,smartphone,170,201,494,375
Img_753.jpg,612,408,smartphone,393,44,448,147
Img_754.jpg,612,408,smartphone,228,68,378,383
Img_754.jpg,612,408,smartphone,391,157,463,304
Img_755.jpg,612,408,smartphone,229,67,377,379
Img_756.jpg,612,373,smartphone,376,189,410,260
Img_757.jpg,612,408,smartphone,1,150,47,260
Img_759.jpg,612,408,smartphone,394,158,452,259
Img_76.jpg,612,324,smartphone,78,277,130,294
Img_760.jpg,612,409,smartphone,72,182,106,246
Img_761.jpg,612,408,smartphone,221,86,347,307
Img_762.jpg,612,409,smartphone,75,182,105,246
Img_763.jpg,612,408,smartphone,267,171,315,263
Img_764.jpg,612,408,smartphone,265,128,345,294
Img_765.jpg,612,407,smartphone,235,138,342,242
Img_766.jpg,612,262,smartphone,470,160,531,182
Img_766.jpg,612,262,smartphone,16,153,62,174
Img_767.jpg,612,408,smartphone,241,119,334,268
Img_768.jpg,612,408,smartphone,435,259,510,358
Img_769.jpg,612,408,smartphone,275,138,472,279
Img_77.jpg,612,408,smartphone,344,54,543,370
Img_770.jpg,612,408,smartphone,180,140,310,355
Img_771.jpg,612,408,smartphone,129,129,215,317
Img_772.jpg,612,408,smartphone,445,144,560,344
Img_773.jpg,612,408,smartphone,71,212,365,408
Img_775.jpg,612,408,smartphone,331,192,373,243
Img_776.jpg,612,408,smartphone,271,300,351,338
Img_777.jpg,612,408,smartphone,132,212,209,325
Img_778.jpg,612,408,smartphone,315,228,387,340
Img_78.jpg,612,408,smartphone,45,335,299,389
Img_780.jpg,612,408,smartphone,501,114,554,224
Img_783.jpg,612,408,smartphone,322,321,444,408
Img_785.jpg,612,408,smartphone,295,229,338,271
Img_786.jpg,612,326,smartphone,65,254,150,305
Img_787.jpg,612,408,smartphone,122,59,325,309
Img_788.jpg,612,408,smartphone,1,28,102,279
Img_789.jpg,612,390,smartphone,357,231,487,322
Img_79.jpg,612,408,smartphone,53,61,250,333
Img_790.jpg,612,408,smartphone,182,54,231,144
Img_791.jpg,612,373,smartphone,385,286,443,307
Img_792.jpg,612,408,smartphone,358,118,512,338
Img_793.jpg,612,408,smartphone,70,307,191,395
Img_794.jpg,612,459,smartphone,222,1,397,72
Img_795.jpg,612,408,smartphone,438,169,527,345
Img_796.jpg,612,408,smartphone,131,62,313,373
Img_797.jpg,612,408,smartphone,209,139,325,264
Img_798.jpg,612,428,smartphone,250,1,495,179
Img_798.jpg,612,428,smartphone,63,1,248,148
Img_798.jpg,612,428,smartphone,165,134,366,375
Img_798.jpg,612,428,smartphone,1,119,128,285
Img_798.jpg,612,428,smartphone,41,332,255,428
Img_798.jpg,612,428,smartphone,410,123,612,363
Img_798.jpg,612,428,smartphone,324,349,510,428
Img_799.jpg,612,419,smartphone,228,91,365,385
Img_80.jpg,612,400,smartphone,240,320,400,358
Img_800.jpg,612,408,smartphone,365,124,379,179
Img_801.jpg,612,362,smartphone,286,206,316,270
Img_801.jpg,612,362,smartphone,425,27,476,90
Img_801.jpg,612,362,smartphone,106,1,150,26
Img_802.jpg,612,408,smartphone,281,111,379,288
Img_804.jpg,612,408,smartphone,263,256,305,281
Img_806.jpg,612,306,smartphone,469,189,553,306
Img_807.jpg,612,437,smartphone,304,164,447,239
Img_808.jpg,612,427,smartphone,110,73,317,378
Img_809.jpg,612,405,smartphone,274,127,362,263
Img_81.jpg,612,408,smartphone,87,248,176,405
Img_810.jpg,612,408,smartphone,78,280,117,364
Img_811.jpg,612,408,smartphone,185,46,299,207
Img_812.jpg,612,415,smartphone,138,186,248,275
Img_813.jpg,612,612,smartphone,189,99,414,569
Img_814.jpg,612,408,smartphone,93,239,143,329
Img_817.jpg,612,255,smartphone,158,152,282,188
Img_818.jpg,612,408,smartphone,268,48,524,384
Img_82.jpg,612,408,smartphone,372,315,466,351
Img_822.jpg,612,408,smartphone,247,194,396,224
Img_823.jpg,612,408,smartphone,535,252,582,341
Img_824.jpg,612,407,smartphone,302,242,315,267
Img_824.jpg,612,407,smartphone,295,118,310,138
Img_824.jpg,612,407,smartphone,143,29,159,40
Img_824.jpg,612,407,smartphone,125,28,137,41
Img_825.jpg,612,408,smartphone,285,123,512,217
Img_826.jpg,612,408,smartphone,99,239,147,331
Img_828.jpg,612,408,smartphone,245,268,297,334
Img_83.jpg,612,383,smartphone,73,121,188,286
Img_830.jpg,612,408,smartphone,76,192,155,314
Img_832.jpg,612,459,smartphone,128,47,485,412
Img_833.jpg,612,408,smartphone,525,254,573,348
Img_834.jpg,612,408,smartphone,236,224,283,315
Img_835.jpg,612,421,smartphone,72,221,179,360
Img_836.jpg,612,407,smartphone,199,215,343,383
Img_837.jpg,612,398,smartphone,140,203,251,350
Img_841.jpg,612,408,smartphone,126,52,461,324
Img_847.jpg,612,408,smartphone,212,149,304,320
Img_848.jpg,612,407,smartphone,252,163,448,366
Img_849.jpg,612,408,smartphone,314,115,452,294
Img_85.jpg,612,409,smartphone,70,98,247,364
Img_852.jpg,612,408,smartphone,170,202,494,377
Img_853.jpg,612,408,smartphone,395,44,447,147
Img_854.jpg,612,408,smartphone,228,67,376,377
Img_854.jpg,612,408,smartphone,390,158,462,304
Img_855.jpg,612,408,smartphone,229,67,378,382
Img_856.jpg,612,373,smartphone,377,187,409,258
Img_857.jpg,612,408,smartphone,1,147,46,266
Img_858.jpg,612,408,smartphone,329,245,368,274
Img_858.jpg,612,408,smartphone,550,220,605,245
Img_858.jpg,612,408,smartphone,84,231,120,261
Img_859.jpg,612,408,smartphone,395,156,449,262
Img_86.jpg,612,408,smartphone,134,243,323,354
Img_860.jpg,612,409,smartphone,75,181,108,245
Img_861.jpg,612,408,smartphone,460,152,493,211
Img_863.jpg,612,408,smartphone,238,274,270,339
Img_866.jpg,612,408,smartphone,100,37,260,249
Img_867.jpg,612,408,smartphone,130,264,286,280
Img_868.jpg,612,377,smartphone,242,300,419,351
Img_869.jpg,612,408,smartphone,267,155,281,176
Img_87.jpg,612,408,smartphone,202,34,440,356
Img_870.jpg,612,408,smartphone,25,184,91,277
Img_872.jpg,612,385,smartphone,166,47,347,325
Img_873.jpg,612,408,smartphone,275,74,295,113
Img_874.jpg,612,408,smartphone,367,208,451,257
Img_875.jpg,612,408,smartphone,138,53,339,155
Img_876.jpg,612,574,smartphone,185,175,278,356
Img_878.jpg,612,408,smartphone,221,89,375,386
Img_879.jpg,612,408,smartphone,35,239,130,368
Img_88.jpg,612,372,smartphone,340,261,396,326
Img_881.jpg,612,408,smartphone,312,244,363,279
Img_882.jpg,408,612,smartphone,207,438,236,458
Img_883.jpg,612,408,smartphone,55,203,135,356
Img_884.jpg,612,382,smartphone,98,13,316,308
Img_885.jpg,612,408,smartphone,86,223,165,375
Img_886.jpg,612,408,smartphone,487,242,562,302
Img_887.jpg,612,408,smartphone,311,199,393,313
Img_888.jpg,612,612,smartphone,261,371,303,450
Img_889.jpg,612,408,smartphone,90,229,187,389
Img_890.jpg,612,408,smartphone,166,134,263,288
Img_891.jpg,612,304,smartphone,1,124,82,206
Img_892.jpg,612,408,smartphone,167,119,253,278
Img_892.jpg,612,408,smartphone,381,73,515,259
Img_893.jpg,612,408,smartphone,465,290,548,370
Img_894.jpg,612,408,smartphone,190,162,285,339
Img_895.jpg,612,408,smartphone,445,145,560,343
Img_897.jpg,612,331,smartphone,244,30,428,281
Img_898.jpg,612,373,smartphone,205,298,275,373
Img_899.jpg,612,408,smartphone,282,36,394,119
Img_90.jpg,612,321,smartphone,392,107,447,195
Img_900.jpg,612,408,smartphone,270,26,398,174
Img_901.jpg,612,408,smartphone,446,160,550,315
Img_903.jpg,612,408,smartphone,103,177,261,215
Img_904.jpg,612,477,smartphone,361,179,393,208
Img_905.jpg,612,408,smartphone,245,88,371,344
Img_906.jpg,612,404,smartphone,169,134,440,267
Img_907.jpg,612,408,smartphone,375,84,445,204
Img_908.jpg,612,408,smartphone,180,288,282,402
Img_909.jpg,612,408,smartphone,437,74,472,86
Img_91.jpg,612,408,smartphone,231,111,335,327
Img_910.jpg,612,398,smartphone,294,223,334,266
Img_911.jpg,405,612,smartphone,138,99,284,314
Img_913.jpg,612,408,smartphone,275,259,335,295
Img_913.jpg,612,408,smartphone,240,139,256,165
Img_914.jpg,612,408,smartphone,264,220,324,341
Img_915.jpg,612,408,smartphone,177,193,368,354
Img_916.jpg,612,272,smartphone,435,166,529,266
Img_917.jpg,612,408,smartphone,143,65,291,265
Img_918.jpg,612,408,smartphone,244,69,445,332
Img_919.jpg,408,612,smartphone,1,93,63,192
Img_920.jpg,612,439,smartphone,204,324,311,359
Img_922.jpg,612,408,smartphone,250,194,397,224
Img_923.jpg,612,408,smartphone,535,248,581,340
Img_924.jpg,612,407,smartphone,299,242,314,267
Img_924.jpg,612,407,smartphone,295,120,313,141
Img_924.jpg,612,407,smartphone,144,28,158,43
Img_924.jpg,612,407,smartphone,127,26,136,40
Img_925.jpg,612,408,smartphone,285,134,505,216
Img_926.jpg,612,408,smartphone,100,239,145,333
Img_927.jpg,612,408,smartphone,332,214,380,258
Img_928.jpg,612,408,smartphone,244,268,296,333
Img_929.jpg,612,408,smartphone,277,182,303,229
Img_93.jpg,612,344,smartphone,94,206,143,299
Img_930.jpg,612,408,smartphone,78,192,155,311
Img_931.jpg,612,408,smartphone,348,269,396,328
Img_932.jpg,612,459,smartphone,128,49,486,413
Img_933.jpg,612,408,smartphone,524,254,572,349
Img_934.jpg,612,408,smartphone,237,224,282,315
Img_935.jpg,612,421,smartphone,72,223,178,360
Img_936.jpg,612,407,smartphone,198,215,343,383
Img_937.jpg,612,398,smartphone,140,200,250,351
Img_938.jpg,612,408,smartphone,78,24,396,408
Img_939.jpg,612,344,smartphone,125,117,195,142
Img_939.jpg,612,344,smartphone,383,152,452,170
Img_940.jpg,612,408,smartphone,135,103,255,195
Img_941.jpg,612,408,smartphone,126,46,460,328
Img_942.jpg,612,408,smartphone,71,129,143,254
Img_943.jpg,612,408,smartphone,400,252,440,283
Img_944.jpg,612,408,smartphone,316,89,430,206
Img_945.jpg,612,408,smartphone,94,178,558,346
Img_946.jpg,612,408,smartphone,234,219,466,384
Img_947.jpg,612,408,smartphone,211,149,304,320
Img_948.jpg,612,407,smartphone,251,163,448,365
Img_949.jpg,612,408,smartphone,315,116,453,294
Img_950.jpg,612,408,smartphone,187,200,461,243
Img_951.jpg,612,408,smartphone,223,290,269,327
Img_952.jpg,612,408,smartphone,170,204,493,377
Img_953.jpg,612,408,smartphone,393,42,448,148
Img_954.jpg,612,408,smartphone,227,67,380,377
Img_954.jpg,612,408,smartphone,391,161,463,304
Img_955.jpg,612,408,smartphone,229,65,380,377
Img_956.jpg,612,373,smartphone,375,188,409,259
Img_957.jpg,612,408,smartphone,1,150,46,266
Img_958.jpg,612,408,smartphone,327,246,366,274
Img_958.jpg,612,408,smartphone,82,234,118,259
Img_958.jpg,612,408,smartphone,550,218,602,246
Img_959.jpg,612,408,smartphone,396,160,450,259
Img_96.jpg,612,408,smartphone,444,129,612,374
Img_960.jpg,612,409,smartphone,74,182,106,246
Img_962.jpg,612,408,smartphone,1,302,155,396
Img_963.jpg,612,405,smartphone,240,37,363,122
Img_965.jpg,612,408,smartphone,62,179,339,279
Img_966.jpg,612,408,smartphone,245,1,351,101
Img_967.jpg,612,408,smartphone,390,133,411,174
Img_968.jpg,612,408,smartphone,1,48,141,158
Img_97.jpg,612,413,smartphone,63,186,206,363
Img_970.jpg,612,408,smartphone,287,129,348,241
Img_971.jpg,612,408,smartphone,188,111,290,289
Img_972.jpg,612,395,smartphone,183,312,252,350
Img_973.jpg,612,408,smartphone,135,232,196,320
Img_976.jpg,612,416,smartphone,340,149,423,288
Img_978.jpg,612,408,smartphone,202,207,371,376
Img_979.jpg,612,408,smartphone,293,92,570,260
Img_98.jpg,612,408,smartphone,195,39,342,355
Img_980.jpg,612,408,smartphone,207,51,500,380
Img_982.jpg,612,407,smartphone,401,388,451,407
Img_984.jpg,612,408,smartphone,128,186,179,252
Img_985.jpg,612,408,smartphone,233,17,495,373
Img_986.jpg,612,408,smartphone,46,274,299,380
Img_987.jpg,612,408,smartphone,152,54,285,290
Img_988.jpg,612,402,smartphone,435,229,524,361
Img_989.jpg,612,408,smartphone,120,135,253,315
Img_990.jpg,612,408,smartphone,185,109,224,161
Img_990.jpg,612,408,smartphone,352,245,406,308
Img_991.jpg,612,408,smartphone,279,119,369,224
Img_992.jpg,612,408,smartphone,290,252,410,379
Img_995.jpg,612,412,smartphone,279,202,302,230
Img_996.jpg,612,459,smartphone,124,92,260,363
Img_997.jpg,612,397,smartphone,250,208,310,253
Img_997.jpg,612,397,smartphone,265,178,318,228
Img_997.jpg,612,397,smartphone,340,158,376,204
Img_997.jpg,612,397,smartphone,329,203,395,246
Img_997.jpg,612,397,smartphone,368,178,429,213
Img_998.jpg,612,408,smartphone,267,79,492,324
